Player,Goals,PK,PK Attempts,Shots Total,Shots on Target,FK Shots,Shots on Target %,Shots per 90,SOT per 90,Goals per Shot,Goals per SOT,xG,npxG,npxG per Shot,Goals minus xG,np Goals minus xG 
Patrick van Aanholt,2,1,1,17,2,1,11.8,0.94,0.11,0.06,0.50,1.7,0.9,0.05,+0.3,+0.1
Max Aarons,0,0,0,12,2,0,16.7,0.50,0.08,0.00,0.00,0.4,0.4,0.04,-0.4,-0.4
Tammy Abraham,13,0,0,71,29,0,40.8,3.32,1.36,0.18,0.45,11.7,11.7,0.16,+1.3,+1.3
Che Adams,0,0,0,16,2,0,12.5,2.07,0.26,0.00,0.00,1.5,1.5,0.09,-1.5,-1.5
Adrián,0,0,0,0,0,0,0,0.00,0.00,0,0,0.0,0.0,0,0.0,0.0
Sergio Agüero,16,2,2,63,23,0,36.5,4.83,1.76,0.22,0.61,11.7,10.1,0.16,+4.3,+3.9
Albian Ajeti,0,0,0,2,0,0,0.0,1.42,0.00,0.00,0,0.1,0.1,0.06,-0.1,-0.1
Nathan Aké,2,0,0,19,5,0,26.3,0.93,0.25,0.11,0.40,2.2,2.2,0.12,-0.2,-0.2
Marc Albrighton,0,0,0,6,2,0,33.3,1.44,0.48,0.00,0.00,0.2,0.2,0.04,-0.2,-0.2
Toby Alderweireld,1,0,0,9,3,0,33.3,0.36,0.12,0.11,0.33,0.7,0.7,0.08,+0.3,+0.3
Trent Alexander-Arnold,2,0,0,30,7,5,23.3,1.18,0.28,0.07,0.29,1.9,1.9,0.06,+0.1,+0.1
Alisson,0,0,0,0,0,0,0,0.00,0.00,0,0,0.0,0.0,0,0.0,0.0
Dele Alli,7,0,0,32,16,0,50.0,1.83,0.92,0.22,0.44,5.4,5.4,0.17,+1.6,+1.6
Miguel Almirón,2,0,0,37,9,0,24.3,1.56,0.38,0.05,0.22,4.4,4.4,0.12,-2.4,-2.4
Marcos Alonso,1,0,0,7,3,0,42.9,1.07,0.46,0.14,0.33,0.4,0.4,0.06,+0.6,+0.6
Steven Alzate,0,0,0,13,3,0,23.1,1.00,0.23,0.00,0.00,1.1,1.1,0.09,-1.1,-1.1
Ibrahim Amadou,0,0,0,6,1,0,16.7,0.71,0.12,0.00,0.00,1.0,1.0,0.17,-1.0,-1.0
Felipe Anderson,1,0,0,21,8,0,38.1,1.40,0.53,0.05,0.13,2.4,2.4,0.12,-1.4,-1.4
Florin Andone,1,0,0,1,1,0,100.0,1.27,1.27,1.00,1.00,0.2,0.2,0.15,+0.8,+0.8
Angeliño,0,0,0,5,0,0,0.0,1.07,0.00,0.00,0,0.2,0.2,0.05,-0.2,-0.2
Michail Antonio,1,0,0,28,12,0,42.9,3.76,1.61,0.04,0.08,3.1,3.1,0.11,-2.1,-2.1
Stuart Armstrong,2,0,0,22,9,0,40.9,2.06,0.84,0.09,0.22,1.2,1.2,0.06,+0.8,+0.8
Kepa Arrizabalaga,0,0,0,0,0,0,0,0.00,0.00,0,0,0.0,0.0,0,0.0,0.0
Christian Atsu,0,0,0,5,1,0,20.0,0.61,0.12,0.00,0.00,0.2,0.2,0.04,-0.2,-0.2
Pierre-Emerick Aubameyang,15,1,1,61,24,1,39.3,2.58,1.02,0.23,0.58,10.7,10.0,0.16,+4.3,+4.0
Serge Aurier,0,0,0,10,3,0,30.0,0.50,0.15,0.00,0.00,0.4,0.4,0.04,-0.4,-0.4
Jordan Ayew,6,0,0,35,14,0,40.0,1.48,0.59,0.17,0.43,4.9,4.9,0.14,+1.1,+1.1
César Azpilicueta,2,0,0,18,5,0,27.8,0.75,0.21,0.11,0.40,2.1,2.1,0.12,-0.1,-0.1
Eric Bailly,0,0,0,0,0,0,0,0.00,0.00,0,0,0.0,0.0,0,0.0,0.0
Leighton Baines,0,0,0,1,0,1,0.0,0.59,0.00,0.00,0,0.1,0.1,0.05,-0.1,-0.1
Fabián Balbuena,1,0,0,10,4,0,40.0,0.83,0.33,0.10,0.25,1.7,1.7,0.17,-0.7,-0.7
George Baldock,2,0,0,9,4,0,44.4,0.35,0.15,0.22,0.50,0.5,0.5,0.06,+1.5,+1.5
Phil Bardsley,0,0,0,6,2,0,33.3,0.55,0.18,0.00,0.00,0.1,0.1,0.02,-0.1,-0.1
Ross Barkley,0,0,0,19,6,2,31.6,3.55,1.12,0.00,0.00,1.3,1.3,0.07,-1.3,-1.3
Ashley Barnes,6,1,1,39,11,0,28.2,2.58,0.73,0.13,0.45,5.4,4.6,0.12,+0.6,+0.4
Harvey Barnes,4,0,0,43,17,0,39.5,2.59,1.02,0.09,0.24,6.1,6.1,0.14,-2.1,-2.1
Chris Basham,0,0,0,5,0,0,0.0,0.20,0.00,0.00,0,0.5,0.5,0.10,-0.5,-0.5
Borja Bastón,0,0,0,0,0,0,0,0.00,0.00,0,0,0.0,0.0,0,0.0,0.0
Michy Batshuayi,1,0,0,15,2,0,13.3,6.52,0.87,0.07,0.50,2.2,2.2,0.15,-1.2,-1.2
Jan Bednarek,1,0,0,5,1,0,20.0,0.21,0.04,0.20,1.00,0.8,0.8,0.17,+0.2,+0.2
Héctor Bellerín,1,0,0,3,1,0,33.3,0.51,0.17,0.33,1.00,0.1,0.1,0.04,+0.9,+0.9
Ryan Bennett,0,0,0,0,0,0,0,0.00,0.00,0,0,0.0,0.0,0,0.0,0.0
Nabil Bentaleb,0,0,0,0,0,0,0,0.00,0.00,0,0,0.0,0.0,0,0.0,0.0
Christian Benteke,1,0,0,21,12,0,57.1,2.89,1.65,0.05,0.08,2.3,2.3,0.11,-1.3,-1.3
Jóhann Berg Guðmundsson,1,0,0,9,2,2,22.2,2.02,0.45,0.11,0.50,0.6,0.6,0.07,+0.4,+0.4
Sander Berge,0,0,0,1,0,0,0.0,0.70,0.00,0.00,0,0.0,0.0,0.04,0.0,0.0
Steven Bergwijn,1,0,0,5,2,0,40.0,2.81,1.13,0.20,0.50,0.6,0.6,0.11,+0.4,+0.4
Bernard,3,0,0,11,4,0,36.4,1.07,0.39,0.27,0.75,1.0,1.0,0.09,+2.0,+2.0
Bernardo,0,0,0,6,2,0,33.3,1.00,0.33,0.00,0.00,0.3,0.3,0.05,-0.3,-0.3
Ryan Bertrand,1,0,0,10,2,1,20.0,0.51,0.10,0.10,0.50,1.7,1.7,0.17,-0.7,-0.7
Muhamed Bešić,0,0,0,4,2,0,50.0,1.47,0.73,0.00,0.00,0.2,0.2,0.04,-0.2,-0.2
Philip Billing,1,0,0,25,7,1,28.0,1.19,0.33,0.04,0.14,1.4,1.4,0.05,-0.4,-0.4
Yves Bissouma,0,0,0,6,3,0,50.0,1.33,0.67,0.00,0.00,0.1,0.1,0.02,-0.1,-0.1
Willy Boly,0,0,0,1,1,0,100.0,0.10,0.10,0.00,0.00,0.0,0.0,0.03,0.0,0.0
Gaëtan Bong,0,0,0,0,0,0,0,0.00,0.00,0,0,0.0,0.0,0,0.0,0.0
Sofiane Boufal,0,0,0,20,6,0,30.0,2.90,0.87,0.00,0.00,0.9,0.9,0.05,-0.9,-0.9
Robbie Brady,1,0,0,8,1,2,12.5,1.82,0.23,0.13,1.00,0.9,0.9,0.12,+0.1,+0.1
Claudio Bravo,0,0,0,0,0,0,0,0.00,0.00,0,0,0.0,0.0,0,0.0,0.0
Emi Buendía,0,0,0,29,8,8,27.6,1.45,0.40,0.00,0.00,2.0,2.0,0.07,-2.0,-2.0
Dan Burn,0,0,0,10,0,0,0.0,0.48,0.00,0.00,0,0.7,0.7,0.07,-0.7,-0.7
Sam Byram,0,0,0,16,2,0,12.5,1.11,0.14,0.00,0.00,1.3,1.3,0.08,-1.3,-1.3
Willy Caballero,0,0,0,0,0,0,0,0.00,0.00,0,0,0.0,0.0,0,0.0,0.0
Gary Cahill,0,0,0,10,1,0,10.0,0.59,0.06,0.00,0.00,0.7,0.7,0.07,-0.7,-0.7
Dominic Calvert-Lewin,11,0,0,53,22,0,41.5,2.88,1.20,0.21,0.50,10.0,10.0,0.19,+1.0,+1.0
Víctor Camarasa,0,0,0,0,0,0,0,0.00,0.00,0,0,0.0,0.0,0,0.0,0.0
João Cancelo,0,0,0,8,3,0,37.5,1.04,0.39,0.00,0.00,0.2,0.2,0.03,-0.2,-0.2
Todd Cantwell,6,0,0,37,16,0,43.2,1.77,0.76,0.16,0.38,5.6,5.6,0.15,+0.4,+0.4
Étienne Capoue,0,0,0,17,1,1,5.9,0.82,0.05,0.00,0.00,0.7,0.7,0.04,-0.7,-0.7
Andy Carroll,0,0,0,10,2,0,20.0,1.77,0.35,0.00,0.00,0.5,0.5,0.05,-0.5,-0.5
Jonny Castro,1,0,0,15,4,0,26.7,0.64,0.17,0.07,0.25,1.1,1.1,0.07,-0.1,-0.1
Craig Cathcart,0,0,0,1,0,0,0.0,0.04,0.00,0.00,0,0.1,0.1,0.08,-0.1,-0.1
Dani Ceballos,0,0,0,9,3,0,33.3,1.09,0.36,0.00,0.00,0.3,0.3,0.04,-0.3,-0.3
Nathaniel Chalobah,0,0,0,8,0,1,0.0,0.93,0.00,0.00,0,0.3,0.3,0.04,-0.3,-0.3
Calum Chambers,1,0,0,12,2,0,16.7,0.98,0.16,0.08,0.50,0.6,0.6,0.05,+0.4,+0.4
Ben Chilwell,2,0,0,10,5,0,50.0,0.48,0.24,0.20,0.40,0.7,0.7,0.07,+1.3,+1.3
Tahith Chong,0,0,0,0,0,0,0,0.00,0.00,0,0,0.0,0.0,0,0.0,0.0
Hamza Choudhury,1,0,0,6,2,0,33.3,0.76,0.25,0.17,0.50,0.3,0.3,0.06,+0.7,+0.7
Andreas Christensen,0,0,0,5,1,0,20.0,0.42,0.08,0.00,0.00,0.4,0.4,0.09,-0.4,-0.4
Ciaran Clark,2,0,0,6,4,0,66.7,0.45,0.30,0.33,0.50,1.2,1.2,0.20,+0.8,+0.8
Leon Clarke,0,0,0,1,0,0,0.0,6.92,0.00,0.00,0,0.4,0.4,0.41,-0.4,-0.4
Tom Cleverley,1,0,0,15,4,0,26.7,2.09,0.56,0.07,0.25,1.5,1.5,0.10,-0.5,-0.5
Conor Coady,0,0,0,0,0,0,0,0.00,0.00,0,0,0.0,0.0,0,0.0,0.0
Séamus Coleman,0,0,0,6,2,0,33.3,0.46,0.15,0.00,0.00,0.6,0.6,0.09,-0.6,-0.6
Aaron Connolly,2,0,0,25,9,0,36.0,2.75,0.99,0.08,0.22,2.4,2.4,0.10,-0.4,-0.4
Lewis Cook,0,0,0,6,1,0,16.7,0.65,0.11,0.00,0.00,0.2,0.2,0.04,-0.2,-0.2
Steve Cook,1,0,0,11,1,0,9.1,0.60,0.05,0.09,1.00,0.7,0.7,0.06,+0.3,+0.3
Jack Cork,0,0,0,14,3,0,21.4,0.60,0.13,0.00,0.00,1.5,1.5,0.11,-1.5,-1.5
Aaron Cresswell,3,0,0,13,5,5,38.5,0.70,0.27,0.23,0.60,1.0,1.0,0.08,+2.0,+2.0
Patrick Cutrone,2,0,0,11,3,0,27.3,3.39,0.92,0.18,0.67,2.3,2.3,0.21,-0.3,-0.3
Diogo Dalot,0,0,0,1,0,0,0.0,1.38,0.00,0.00,0,0.1,0.1,0.15,-0.1,-0.1
Charlie Daniels,0,0,0,0,0,0,0,0.00,0.00,0,0,0.0,0.0,0,0.0,0.0
Scott Dann,0,0,0,1,0,0,0.0,0.25,0.00,0.00,0,0.1,0.1,0.12,-0.1,-0.1
Kevin Danso,0,0,0,1,0,0,0.0,0.33,0.00,0.00,0,0.1,0.1,0.08,-0.1,-0.1
Ben Davies,0,0,0,1,0,0,0.0,0.20,0.00,0.00,0,0.0,0.0,0.03,0.0,0.0
Tom Davies,1,0,0,13,5,0,38.5,0.96,0.37,0.08,0.20,1.7,1.7,0.13,-0.7,-0.7
Keinan Davis,0,0,0,7,3,0,42.9,5.94,2.55,0.00,0.00,0.7,0.7,0.10,-0.7,-0.7
Craig Dawson,0,0,0,8,2,0,25.0,0.49,0.12,0.00,0.00,0.8,0.8,0.10,-0.8,-0.8
Kevin De Bruyne,7,0,0,70,18,5,25.7,3.17,0.82,0.10,0.39,4.6,4.6,0.07,+2.4,+2.4
Troy Deeney,5,2,3,25,11,0,44.0,1.78,0.78,0.12,0.27,5.8,3.6,0.14,-0.8,-0.6
Fabian Delph,0,0,0,2,0,0,0.0,0.16,0.00,0.00,0,0.0,0.0,0.02,0.0,0.0
Leander Dendoncker,2,0,0,12,3,0,25.0,0.52,0.13,0.17,0.67,1.2,1.2,0.10,+0.8,+0.8
Gerard Deulofeu,4,1,1,58,21,7,36.2,2.64,0.95,0.05,0.14,5.1,4.3,0.07,-1.1,-1.3
Eric Dier,0,0,0,4,1,0,25.0,0.51,0.13,0.00,0.00,0.9,0.9,0.23,-0.9,-0.9
Lucas Digne,0,0,0,22,4,10,18.2,0.92,0.17,0.00,0.00,1.1,1.1,0.05,-1.1,-1.1
Virgil van Dijk,4,0,0,17,8,0,47.1,0.65,0.31,0.24,0.50,1.8,1.8,0.11,+2.2,+2.2
Issa Diop,2,0,0,8,4,0,50.0,0.45,0.23,0.25,0.50,1.1,1.1,0.14,+0.9,+0.9
Moussa Djenepo,2,0,0,17,6,0,35.3,1.89,0.67,0.12,0.33,1.9,1.9,0.11,+0.1,+0.1
Matt Doherty,3,0,0,24,12,0,50.0,1.15,0.57,0.13,0.25,3.9,3.9,0.16,-0.9,-0.9
Abdoulaye Doucouré,4,0,0,45,9,0,20.0,1.85,0.37,0.09,0.44,3.8,3.8,0.08,+0.2,+0.2
Danny Drinkwater,0,0,0,0,0,0,0,0.00,0.00,0,0,0.0,0.0,0,0.0,0.0
Danny Drinkwater,0,0,0,2,0,0,0.0,0.68,0.00,0.00,0,0.1,0.1,0.05,-0.1,-0.1
Josip Drmić,1,0,0,3,1,0,33.3,2.08,0.69,0.33,1.00,1.2,1.2,0.40,-0.2,-0.2
Martin Dúbravka,0,0,0,0,0,0,0,0.00,0.00,0,0,0.0,0.0,0,0.0,0.0
Ondrej Duda,0,0,0,5,1,0,20.0,1.29,0.26,0.00,0.00,0.4,0.4,0.08,-0.4,-0.4
Shane Duffy,1,0,0,5,1,0,20.0,0.46,0.09,0.20,1.00,1.5,1.5,0.31,-0.5,-0.5
Paul Dummett,0,0,0,1,1,0,100.0,0.07,0.07,0.00,0.00,0.0,0.0,0.03,0.0,0.0
Lewis Dunk,2,0,0,21,8,5,38.1,0.87,0.33,0.10,0.25,2.5,2.5,0.12,-0.5,-0.5
Ederson,0,0,0,0,0,0,0,0.00,0.00,0,0,0.0,0.0,0,0.0,0.0
John Egan,0,0,0,16,3,0,18.8,0.64,0.12,0.00,0.00,1.3,1.3,0.08,-1.3,-1.3
Harvey Elliot,0,0,0,0,0,0,0,0,0,0,0,0.0,0.0,0,0.0,0.0
Ahmed Elmohamady,0,0,0,4,0,0,0.0,0.51,0.00,0.00,0,0.2,0.2,0.06,-0.2,-0.2
Björn Engels,1,0,0,7,1,0,14.3,0.46,0.07,0.14,1.00,0.9,0.9,0.12,+0.1,+0.1
Christian Eriksen,2,0,0,26,9,7,34.6,2.14,0.74,0.08,0.22,2.0,2.0,0.08,0.0,0.0
Jonny Evans,1,0,0,19,7,0,36.8,0.74,0.27,0.05,0.14,2.0,2.0,0.11,-1.0,-1.0
Łukasz Fabiański,0,0,0,0,0,0,0,0.00,0.00,0,0,0.0,0.0,0,0.0,0.0
Fabinho,1,0,0,7,2,0,28.6,0.54,0.15,0.14,0.50,0.1,0.1,0.02,+0.9,+0.9
Ralf Fährmann,0,0,0,0,0,0,0,0.00,0.00,0,0,0.0,0.0,0,0.0,0.0
Kiko Femenía,0,0,0,4,1,0,25.0,0.27,0.07,0.00,0.00,0.1,0.1,0.03,-0.1,-0.1
Bruno Fernandes,0,0,0,7,3,2,42.9,3.50,1.50,0.00,0.00,0.2,0.2,0.04,-0.2,-0.2
Gedson Fernandes,0,0,0,1,0,0,0.0,2.81,0.00,0.00,0,0.0,0.0,0.03,0.0,0.0
Federico Fernández,2,0,0,11,4,0,36.4,0.64,0.23,0.18,0.50,1.4,1.4,0.13,+0.6,+0.6
Fernandinho,0,0,0,10,1,0,10.0,0.50,0.05,0.00,0.00,0.7,0.7,0.07,-0.7,-0.7
Roberto Firmino,8,0,0,79,31,0,39.2,3.29,1.29,0.10,0.26,10.9,10.9,0.14,-2.9,-2.9
John Fleck,5,0,0,28,12,0,42.9,1.25,0.54,0.18,0.42,3.3,3.3,0.12,+1.7,+1.7
Phil Foden,0,0,0,8,5,0,62.5,2.78,1.74,0.00,0.00,0.3,0.3,0.04,-0.3,-0.3
Pablo Fornals,1,0,0,24,8,0,33.3,1.74,0.58,0.04,0.13,1.9,1.9,0.08,-0.9,-0.9
Ben Foster,0,0,0,1,1,0,100.0,0.04,0.04,0.00,0.00,0.1,0.1,0.07,-0.1,-0.1
Dimitri Foulquier,0,0,0,0,0,0,0,0.00,0.00,0,0,0.0,0.0,0,0.0,0.0
Juan Foyth,0,0,0,0,0,0,0,0.00,0.00,0,0,0.0,0.0,0,0.0,0.0
Simon Francis,0,0,0,3,0,0,0.0,0.31,0.00,0.00,0,0.2,0.2,0.06,-0.2,-0.2
Ryan Fraser,1,0,0,25,12,2,48.0,1.21,0.58,0.04,0.08,2.9,2.9,0.12,-1.9,-1.9
Fred,0,0,0,35,8,3,22.9,1.78,0.41,0.00,0.00,1.5,1.5,0.04,-1.5,-1.5
Ryan Fredericks,0,0,0,0,0,0,0,0.00,0.00,0,0,0.0,0.0,0,0.0,0.0
Luke Freeman,0,0,0,2,0,0,0.0,0.56,0.00,0.00,0,0.0,0.0,0.02,0.0,0.0
Christian Fuchs,0,0,0,5,1,2,20.0,0.83,0.17,0.00,0.00,0.1,0.1,0.03,-0.1,-0.1
Eric García,0,0,0,0,0,0,0,0.00,0.00,0,0,0.0,0.0,0,0.0,0.0
James Garner,0,0,0,0,0,0,0,0.00,0.00,0,0,0.0,0.0,0,0.0,0.0
Dwight Gayle,0,0,0,2,0,0,0.0,1.01,0.00,0.00,0,0.8,0.8,0.38,-0.8,-0.8
Paulo Gazzaniga,0,0,0,0,0,0,0,0.00,0.00,0,0,0.0,0.0,0,0.0,0.0
Jean-Philippe Gbamin,0,0,0,0,0,0,0,0.00,0.00,0,0,0.0,0.0,0,0.0,0.0
David de Gea,0,0,0,0,0,0,0,0.00,0.00,0,0,0.0,0.0,0,0.0,0.0
Anwar El Ghazi,4,1,1,43,16,4,37.2,2.38,0.88,0.07,0.19,5.5,4.7,0.11,-1.5,-1.7
Morgan Gibbs-White,0,0,0,2,0,0,0.0,1.46,0.00,0.00,0,0.1,0.1,0.04,-0.1,-0.1
Billy Gilmour,0,0,0,0,0,0,0,0.00,0.00,0,0,0.0,0.0,0,0.0,0.0
Olivier Giroud,0,0,0,3,2,0,66.7,1.27,0.85,0.00,0.00,0.6,0.6,0.21,-0.6,-0.6
Ben Godfrey,0,0,0,7,2,0,28.6,0.40,0.12,0.00,0.00,0.4,0.4,0.05,-0.4,-0.4
André Gomes,0,0,0,2,0,0,0.0,0.31,0.00,0.00,0,0.2,0.2,0.09,-0.2,-0.2
Angel Gomes,0,0,0,0,0,0,0,0.00,0.00,0,0,0.0,0.0,0,0.0,0.0
Joe Gomez,0,0,0,0,0,0,0,0.00,0.00,0,0,0.0,0.0,0,0.0,0.0
Anthony Gordon,0,0,0,2,0,0,0.0,4.00,0.00,0.00,0,0.2,0.2,0.08,-0.2,-0.2
Dan Gosling,2,0,0,7,3,0,42.9,0.79,0.34,0.29,0.67,1.5,1.5,0.22,+0.5,+0.5
Andre Gray,2,0,0,19,6,0,31.6,2.41,0.76,0.11,0.33,2.8,2.8,0.15,-0.8,-0.8
Demarai Gray,1,0,1,10,4,0,40.0,2.19,0.88,0.10,0.25,1.9,1.1,0.11,-0.9,-0.1
Jack Grealish,7,0,1,53,16,0,30.2,2.21,0.67,0.13,0.44,5.5,4.7,0.09,+1.5,+2.3
Mason Greenwood,4,0,0,17,9,0,52.9,3.10,1.64,0.24,0.44,1.8,1.8,0.10,+2.2,+2.2
Arnaut Groeneveld,0,0,0,10,4,0,40.0,2.21,0.88,0.00,0.00,0.7,0.7,0.07,-0.7,-0.7
Pascal Groß,2,0,0,27,9,4,33.3,1.63,0.54,0.07,0.22,1.8,1.8,0.07,+0.2,+0.2
Vicente Guaita,0,0,0,0,0,0,0,0.00,0.00,0,0,0.0,0.0,0,0.0,0.0
Mattéo Guendouzi,0,0,0,11,5,0,45.5,0.63,0.28,0.00,0.00,0.6,0.6,0.05,-0.6,-0.6
Frederic Guilbert,0,0,0,6,2,0,33.3,0.31,0.10,0.00,0.00,0.3,0.3,0.04,-0.3,-0.3
İlkay Gündoğan,2,1,2,26,4,2,15.4,1.67,0.26,0.04,0.25,4.1,2.6,0.10,-2.1,-1.6
Angus Gunn,0,0,0,0,0,0,0,0.00,0.00,0,0,0.0,0.0,0,0.0,0.0
Sébastien Haller,6,0,0,45,21,0,46.7,2.08,0.97,0.13,0.29,5.8,5.8,0.13,+0.2,+0.2
Grant Hanley,0,0,0,7,2,0,28.6,0.64,0.18,0.00,0.00,0.6,0.6,0.09,-0.6,-0.6
Kortney Hause,0,0,0,7,0,0,0.0,0.70,0.00,0.00,0,0.7,0.7,0.10,-0.7,-0.7
Isaac Hayden,1,0,0,14,3,0,21.4,0.70,0.15,0.07,0.33,0.8,0.8,0.06,+0.2,+0.2
Tom Heaton,0,0,0,0,0,0,0,0.00,0.00,0,0,0.0,0.0,0,0.0,0.0
Dean Henderson,0,0,0,1,0,0,0.0,0.04,0.00,0.00,0,0.0,0.0,0.05,0.0,0.0
Jordan Henderson,3,0,0,15,6,0,40.0,0.71,0.29,0.20,0.50,1.1,1.1,0.07,+1.9,+1.9
Jeff Hendrick,2,0,0,19,6,0,31.6,1.03,0.32,0.11,0.33,1.5,1.5,0.08,+0.5,+0.5
Wayne Hennessey,0,0,0,0,0,0,0,0.00,0.00,0,0,0.0,0.0,0,0.0,0.0
Javier Hernández,1,0,0,3,2,1,66.7,2.52,1.68,0.33,0.50,0.7,0.7,0.25,+0.3,+0.3
Onel Hernández,1,0,0,16,6,0,37.5,1.90,0.71,0.06,0.17,1.1,1.1,0.07,-0.1,-0.1
Son Heung-min,9,0,1,64,30,0,46.9,3.30,1.54,0.14,0.30,7.2,6.3,0.10,+1.8,+2.7
Rob Holding,0,0,0,0,0,0,0,0.00,0.00,0,0,0.0,0.0,0,0.0,0.0
José Holebas,0,0,0,6,3,1,50.0,0.54,0.27,0.00,0.00,0.4,0.4,0.07,-0.4,-0.4
Mason Holgate,0,0,0,11,5,0,45.5,0.68,0.31,0.00,0.00,2.2,2.2,0.20,-2.2,-2.2
Nathan Holland,0,0,0,1,1,0,100.0,2.90,2.90,0.00,0.00,0.0,0.0,0.04,0.0,0.0
Conor Hourihane,3,0,0,15,7,2,46.7,1.59,0.74,0.20,0.43,0.9,0.9,0.06,+2.1,+2.1
Callum Hudson-Odoi,1,0,0,22,4,0,18.2,2.57,0.47,0.05,0.25,2.0,2.0,0.09,-1.0,-1.0
Will Hughes,1,0,0,16,2,0,12.5,1.15,0.14,0.06,0.50,2.2,2.2,0.14,-1.2,-1.2
Pierre Højbjerg,0,0,0,37,8,0,21.6,1.53,0.33,0.00,0.00,1.9,1.9,0.05,-1.9,-1.9
Jordon Ibe,0,0,0,0,0,0,0,0.00,0.00,0,0,0.0,0.0,0,0.0,0.0
Adam Idah,0,0,0,0,0,0,0,0.00,0.00,0,0,0.0,0.0,0,0.0,0.0
Odion Ighalo,0,0,0,1,1,0,100.0,0,0,0.00,0.00,0.4,0.4,0.41,-0.4,-0.4
Kelechi Iheanacho,3,0,0,14,7,0,50.0,3.24,1.62,0.21,0.43,2.0,2.0,0.14,+1.0,+1.0
Danny Ings,15,0,0,62,27,0,43.5,3.09,1.34,0.24,0.56,11.0,11.0,0.18,+4.0,+4.0
Alex Iwobi,1,0,0,19,8,0,42.1,1.54,0.65,0.05,0.13,2.0,2.0,0.11,-1.0,-1.0
Phil Jagielka,0,0,0,0,0,0,0,0.00,0.00,0,0,0.0,0.0,0,0.0,0.0
Alireza Jahanbakhsh,2,0,0,9,2,0,22.2,3.03,0.67,0.22,1.00,0.4,0.4,0.05,+1.6,+1.6
Daniel James,3,0,0,33,14,0,42.4,1.49,0.63,0.09,0.21,2.8,2.8,0.09,+0.2,+0.2
Reece James,0,0,0,11,1,0,9.1,1.16,0.11,0.00,0.00,0.5,0.5,0.05,-0.5,-0.5
Daryl Janmaat,0,0,0,4,0,0,0.0,0.59,0.00,0.00,0,0.3,0.3,0.07,-0.3,-0.3
Gabriel Jesus,9,0,1,61,27,0,44.3,4.56,2.02,0.15,0.33,11.7,10.9,0.18,-2.7,-1.9
Raúl Jiménez,11,3,3,82,28,0,34.1,3.33,1.14,0.10,0.29,10.7,8.5,0.10,+0.3,-0.5
Joelinton,1,0,0,42,11,0,26.2,1.85,0.49,0.02,0.09,3.8,3.8,0.09,-2.8,-2.8
Curtis Jones,0,0,0,1,0,0,0.0,4.74,0.00,0.00,0,0.0,0.0,0.05,0.0,0.0
Phil Jones,0,0,0,2,1,0,50.0,1.33,0.67,0.00,0.00,0.2,0.2,0.11,-0.2,-0.2
Jorginho,4,3,3,10,1,0,10.0,0.48,0.05,0.10,1.00,3.5,1.2,0.12,+0.5,-0.2
Jota,0,0,0,4,1,0,25.0,1.15,0.29,0.00,0.00,0.1,0.1,0.03,-0.1,-0.1
Diogo Jota,3,0,0,49,18,0,36.7,2.83,1.04,0.06,0.17,6.3,6.3,0.13,-3.3,-3.3
James Justin,0,0,0,0,0,0,0,0.00,0.00,0,0,0.0,0.0,0,0.0,0.0
Christian Kabasele,0,0,0,4,1,0,25.0,0.28,0.07,0.00,0.00,0.6,0.6,0.14,-0.6,-0.6
Harry Kane,11,2,2,53,21,3,39.6,2.68,1.06,0.17,0.43,6.9,5.4,0.10,+4.1,+3.6
N'Golo Kanté,3,0,0,16,6,0,37.5,1.04,0.39,0.19,0.50,1.5,1.5,0.09,+1.5,+1.5
Moise Kean,1,0,0,22,8,0,36.4,3.16,1.15,0.05,0.13,2.9,2.9,0.13,-1.9,-1.9
Michael Keane,1,0,0,10,3,0,30.0,0.57,0.17,0.10,0.33,1.4,1.4,0.14,-0.4,-0.4
Naby Keïta,1,0,0,7,5,0,71.4,2.03,1.45,0.14,0.20,1.5,1.5,0.21,-0.5,-0.5
Martin Kelly,0,0,0,3,0,0,0.0,0.17,0.00,0.00,0,0.1,0.1,0.03,-0.1,-0.1
Max Kilman,0,0,0,0,0,0,0,0.00,0.00,0,0,0.0,0.0,0,0.0,0.0
Joshua King,3,1,1,16,7,0,43.8,1.08,0.47,0.13,0.29,3.9,3.2,0.20,-0.9,-1.2
Jonathan Kodjia,0,0,0,2,0,0,0.0,1.62,0.00,0.00,0,0.1,0.1,0.03,-0.1,-0.1
Sead Kolašinac,0,0,0,3,0,0,0.0,0.25,0.00,0.00,0,0.7,0.7,0.24,-0.7,-0.7
Ezri Konsa,0,0,0,8,2,0,25.0,0.63,0.16,0.00,0.00,0.6,0.6,0.08,-0.6,-0.6
Cheikhou Kouyaté,1,0,0,19,4,0,21.1,0.99,0.21,0.05,0.25,1.4,1.4,0.07,-0.4,-0.4
Mateo Kovačić,1,0,0,17,4,0,23.5,1.02,0.24,0.06,0.25,1.1,1.1,0.07,-0.1,-0.1
Emil Krafth,0,0,0,3,0,0,0.0,0.48,0.00,0.00,0,0.2,0.2,0.08,-0.2,-0.2
Tim Krul,0,0,0,0,0,0,0,0.00,0.00,0,0,0.0,0.0,0,0.0,0.0
Alexandre Lacazette,6,0,0,40,17,2,42.5,2.80,1.19,0.15,0.35,5.0,5.0,0.13,+1.0,+1.0
Adam Lallana,1,0,0,3,1,0,33.3,0.80,0.27,0.33,1.00,1.0,1.0,0.33,0.0,0.0
Érik Lamela,2,0,0,22,6,3,27.3,2.38,0.65,0.09,0.33,2.0,2.0,0.10,0.0,0.0
Tariq Lamptey,0,0,0,0,0,0,0,0.00,0.00,0,0,0.0,0.0,0,0.0,0.0
Henri Lansbury,0,0,0,2,0,0,0.0,0.95,0.00,0.00,0,0.1,0.1,0.05,-0.1,-0.1
Manuel Lanzini,0,0,0,19,7,2,36.8,1.44,0.53,0.00,0.00,1.7,1.7,0.09,-1.7,-1.7
Aymeric Laporte,0,0,0,1,0,0,0.0,0.23,0.00,0.00,0,0.1,0.1,0.09,-0.1,-0.1
Jamaal Lascelles,1,0,0,6,2,0,33.3,0.40,0.13,0.17,0.50,0.3,0.3,0.05,+0.7,+0.7
Valentino Lazaro,0,0,0,0,0,0,0,0.00,0.00,0,0,0.0,0.0,0,0.0,0.0
Moritz Leitner,0,0,0,8,0,0,0.0,1.05,0.00,0.00,0,0.2,0.2,0.03,-0.2,-0.2
Florian Lejeune,2,0,0,4,3,0,75.0,0.82,0.61,0.50,0.67,0.7,0.7,0.17,+1.3,+1.3
Aaron Lennon,0,0,0,1,0,0,0.0,0.19,0.00,0.00,0,0.0,0.0,0.03,0.0,0.0
Bernd Leno,0,0,0,0,0,0,0,0.00,0.00,0,0,0.0,0.0,0,0.0,0.0
Jefferson Lerma,0,0,0,20,1,0,5.0,1.01,0.05,0.00,0.00,0.6,0.6,0.03,-0.6,-0.6
Jamal Lewis,0,0,0,6,2,0,33.3,0.44,0.15,0.00,0.00,0.2,0.2,0.03,-0.2,-0.2
Victor Lindelöf,1,0,0,5,1,0,20.0,0.22,0.04,0.20,1.00,0.4,0.4,0.07,+0.6,+0.6
Jesse Lingard,0,0,0,20,5,0,25.0,2.02,0.51,0.00,0.00,1.9,1.9,0.09,-1.9,-1.9
Hugo Lloris,0,0,0,0,0,0,0,0.00,0.00,0,0,0.0,0.0,0,0.0,0.0
Giovani Lo Celso,0,0,0,9,2,0,22.2,1.26,0.28,0.00,0.00,0.7,0.7,0.08,-0.7,-0.7
Jürgen Locadia,0,0,0,2,1,0,50.0,2.09,1.05,0.00,0.00,0.4,0.4,0.19,-0.4,-0.4
Kevin Long,0,0,0,0,0,0,0,0.00,0.00,0,0,0.0,0.0,0,0.0,0.0
Shane Long,1,0,0,24,8,0,33.3,2.40,0.80,0.04,0.13,3.8,3.8,0.16,-2.8,-2.8
Matthew Longstaff,2,0,0,3,2,0,66.7,0.50,0.33,0.67,1.00,0.3,0.3,0.11,+1.7,+1.7
Sean Longstaff,0,0,0,21,5,3,23.8,1.58,0.38,0.00,0.00,0.7,0.7,0.03,-0.7,-0.7
Dejan Lovren,0,0,0,4,1,0,25.0,0.54,0.13,0.00,0.00,0.3,0.3,0.09,-0.3,-0.3
Matthew Lowton,0,0,0,0,0,0,0,0.00,0.00,0,0,0.0,0.0,0,0.0,0.0
David Luiz,2,0,0,19,5,5,26.3,0.85,0.22,0.11,0.40,1.5,1.5,0.08,+0.5,+0.5
Douglas Luiz,3,0,0,33,11,2,33.3,1.94,0.65,0.09,0.27,2.1,2.1,0.06,+0.9,+0.9
John Lundstram,4,0,0,35,8,0,22.9,1.60,0.37,0.11,0.50,4.0,4.0,0.11,0.0,0.0
James Maddison,6,0,0,58,16,10,27.6,2.45,0.67,0.10,0.38,4.2,4.2,0.07,+1.8,+1.8
Harry Maguire,1,0,0,24,8,0,33.3,0.92,0.31,0.04,0.13,1.7,1.7,0.07,-0.7,-0.7
Riyad Mahrez,7,0,0,49,22,5,44.9,3.49,1.57,0.14,0.32,3.8,3.8,0.08,+3.2,+3.2
Ainsley Maitland-Niles,0,0,0,3,0,0,0.0,0.22,0.00,0.00,0,0.2,0.2,0.07,-0.2,-0.2
Sadio Mané,12,0,0,53,27,0,50.9,2.63,1.34,0.23,0.44,10.1,10.1,0.20,+1.9,+1.9
Javier Manquillo,0,0,0,1,0,0,0.0,0.11,0.00,0.00,0,0.0,0.0,0.04,0.0,0.0
Solly March,0,0,0,12,5,1,41.7,1.46,0.61,0.00,0.00,0.6,0.6,0.05,-0.6,-0.6
Adrian Mariappa,0,0,0,3,0,0,0.0,0.22,0.00,0.00,0,0.3,0.3,0.10,-0.3,-0.3
Anthony Martial,9,0,1,50,23,0,46.0,2.75,1.26,0.18,0.39,6.8,6.1,0.12,+2.2,+2.9
David Martin,0,0,0,0,0,0,0,0.00,0.00,0,0,0.0,0.0,0,0.0,0.0
Martinelli,3,0,0,12,5,0,41.7,1.65,0.69,0.25,0.60,2.4,2.4,0.20,+0.6,+0.6
Adam Masina,1,0,0,5,1,0,20.0,0.47,0.09,0.20,1.00,0.2,0.2,0.05,+0.8,+0.8
Arthur Masuaku,0,0,0,5,2,0,40.0,0.55,0.22,0.00,0.00,0.1,0.1,0.02,-0.1,-0.1
Juan Mata,0,0,0,9,1,2,11.1,1.13,0.13,0.00,0.00,1.2,1.2,0.14,-1.2,-1.2
Nemanja Matić,0,0,0,4,1,0,25.0,0.52,0.13,0.00,0.00,0.1,0.1,0.03,-0.1,-0.1
Joël Matip,1,0,0,3,1,0,33.3,0.43,0.14,0.33,1.00,0.2,0.2,0.07,+0.8,+0.8
Neal Maupay,7,1,1,67,24,0,35.8,3.27,1.17,0.09,0.25,8.7,7.9,0.12,-1.7,-1.9
James McArthur,0,0,0,24,6,0,25.0,0.99,0.25,0.00,0.00,2.2,2.2,0.09,-2.2,-2.2
Oliver McBurnie,4,0,0,30,13,0,43.3,2.15,0.93,0.13,0.31,5.6,5.6,0.19,-1.6,-1.6
Alex McCarthy,0,0,0,0,0,0,0,0.00,0.00,0,0,0.0,0.0,0,0.0,0.0
James McCarthy,0,0,0,7,2,0,28.6,0.67,0.19,0.00,0.00,0.3,0.3,0.04,-0.3,-0.3
John McGinn,3,0,0,38,14,0,36.8,2.22,0.82,0.08,0.21,2.7,2.7,0.07,+0.3,+0.3
David McGoldrick,0,0,0,36,16,0,44.4,2.44,1.09,0.00,0.00,5.6,5.6,0.15,-5.6,-5.6
Michael McGovern,0,0,0,0,0,0,0,0.00,0.00,0,0,0.0,0.0,0,0.0,0.0
Kenny McLean,1,0,0,23,7,1,30.4,1.03,0.31,0.04,0.14,1.3,1.3,0.06,-0.3,-0.3
Dwight McNeil,1,0,0,30,8,7,26.7,1.19,0.32,0.03,0.13,1.3,1.3,0.04,-0.3,-0.3
Scott McTominay,2,0,0,27,8,0,29.6,1.67,0.50,0.07,0.25,1.4,1.4,0.05,+0.6,+0.6
Ben Mee,0,0,0,14,4,0,28.6,0.54,0.15,0.00,0.00,1.3,1.3,0.09,-1.3,-1.3
Benjamin Mendy,0,0,0,3,0,0,0.0,0.29,0.00,0.00,0,0.1,0.1,0.03,-0.1,-0.1
Nampalys Mendy,0,0,0,1,1,0,100.0,0.46,0.46,0.00,0.00,0.0,0.0,0.02,0.0,0.0
Chris Mepham,1,0,0,6,1,0,16.7,0.60,0.10,0.17,1.00,0.6,0.6,0.10,+0.4,+0.4
Max Meyer,0,0,0,8,2,0,25.0,1.32,0.33,0.00,0.00,0.6,0.6,0.08,-0.6,-0.6
Luka Milivojević,2,2,2,22,5,6,22.7,1.01,0.23,0.00,0.00,2.1,0.6,0.03,-0.1,-0.6
James Milner,2,2,2,9,0,0,0.0,1.21,0.00,0.00,0,1.9,0.4,0.04,+0.1,-0.4
Yerry Mina,2,0,0,28,10,0,35.7,1.26,0.45,0.07,0.20,2.6,2.6,0.09,-0.6,-0.6
Takumi Minamino,0,0,0,2,0,0,0.0,2.73,0.00,0.00,0,0.6,0.6,0.32,-0.6,-0.6
Tyrone Mings,2,0,0,8,4,0,50.0,0.39,0.20,0.25,0.50,0.9,0.9,0.12,+1.1,+1.1
Henrikh Mkhitaryan,0,0,0,2,0,0,0.0,1.62,0.00,0.00,0,0.2,0.2,0.11,-0.2,-0.2
Nacho Monreal,0,0,0,1,0,0,0.0,0.33,0.00,0.00,0,0.1,0.1,0.08,-0.1,-0.1
Martín Montoya,0,0,0,8,3,0,37.5,0.47,0.17,0.00,0.00,1.3,1.3,0.16,-1.3,-1.3
Simon Moore,0,0,0,0,0,0,0,0.00,0.00,0,0,0.0,0.0,0,0.0,0.0
Aaron Mooy,2,0,0,26,6,0,23.1,1.68,0.39,0.08,0.33,1.8,1.8,0.07,+0.2,+0.2
Wesley Moraes,5,0,1,35,17,0,48.6,1.76,0.85,0.14,0.29,5.2,4.4,0.14,-0.2,+0.6
Wes Morgan,0,0,0,1,1,0,100.0,0.57,0.57,0.00,0.00,0.0,0.0,0.05,0.0,0.0
Ravel Morrison,0,0,0,1,0,0,0.0,7.50,0.00,0.00,0,0.0,0.0,0.04,0.0,0.0
Mason Mount,5,0,0,62,21,10,33.9,2.71,0.92,0.08,0.24,5.5,5.5,0.09,-0.5,-0.5
Lucas Moura,4,0,0,39,10,0,25.6,2.41,0.62,0.10,0.40,4.8,4.8,0.12,-0.8,-0.8
Lys Mousset,5,0,0,31,8,0,25.8,2.74,0.71,0.16,0.63,3.3,3.3,0.11,+1.7,+1.7
João Moutinho,1,0,0,18,6,4,33.3,0.75,0.25,0.06,0.17,0.7,0.7,0.04,+0.3,+0.3
Glenn Murray,1,0,0,12,4,0,33.3,1.79,0.60,0.08,0.25,1.7,1.7,0.14,-0.7,-0.7
Shkodran Mustafi,0,0,0,6,1,0,16.7,1.02,0.17,0.00,0.00,0.6,0.6,0.10,-0.6,-0.6
Yoshinori Mutō,0,0,0,1,0,0,0.0,0.45,0.00,0.00,0,0.1,0.1,0.09,-0.1,-0.1
Georges-Kévin N'Koudou,0,0,0,1,0,0,0.0,45.00,0.00,0.00,0,0.0,0.0,0.02,0.0,0.0
Marvelous Nakamba,0,0,0,7,1,0,14.3,0.43,0.06,0.00,0.00,0.2,0.2,0.03,-0.2,-0.2
Wilfred Ndidi,2,0,0,18,2,0,11.1,0.91,0.10,0.11,1.00,1.3,1.3,0.07,+0.7,+0.7
Tanguy Ndombele,2,0,0,9,4,0,44.4,0.99,0.44,0.22,0.50,0.4,0.4,0.04,+1.6,+1.6
Reiss Nelson,0,0,0,8,3,0,37.5,1.64,0.62,0.00,0.00,0.6,0.6,0.07,-0.6,-0.6
Pedro Neto,2,0,0,13,4,0,30.8,1.71,0.53,0.15,0.50,1.4,1.4,0.10,+0.6,+0.6
Rúben Neves,2,0,0,41,6,3,14.6,1.81,0.27,0.05,0.33,1.0,1.0,0.02,+1.0,+1.0
Jeremy Ngakia,0,0,0,0,0,0,0,0.00,0.00,0,0,0.0,0.0,0,0.0,0.0
Oumar Niasse,0,0,0,0,0,0,0,0.00,0.00,0,0,0.0,0.0,0,0.0,0.0
Eddie Nketiah,0,0,0,3,1,0,33.3,2.65,0.88,0.00,0.00,0.5,0.5,0.17,-0.5,-0.5
Mark Noble,4,3,3,12,3,0,25.0,0.60,0.15,0.08,0.33,2.8,0.5,0.04,+1.2,+0.5
Oliver Norwood,1,1,1,16,5,4,31.3,0.65,0.20,0.00,0.00,1.5,0.7,0.04,-0.5,-0.7
Ørjan Nyland,0,0,0,0,0,0,0,0.00,0.00,0,0,0.0,0.0,0,0.0,0.0
Jack O'Connell,0,0,0,14,2,0,14.3,0.54,0.08,0.00,0.00,1.1,1.1,0.08,-1.1,-1.1
Michael Obafemi,1,0,0,4,1,0,25.0,0.92,0.23,0.25,1.00,0.2,0.2,0.05,+0.8,+0.8
Angelo Ogbonna,2,0,0,10,4,0,40.0,0.50,0.20,0.20,0.50,1.3,1.3,0.13,+0.7,+0.7
Divock Origi,3,0,0,11,5,0,45.5,2.02,0.92,0.27,0.60,2.0,2.0,0.18,+1.0,+1.0
Ben Osborn,0,0,0,0,0,0,0,0.00,0.00,0,0,0.0,0.0,0,0.0,0.0
Nicolás Otamendi,2,0,0,13,6,0,46.2,0.97,0.45,0.15,0.33,2.3,2.3,0.17,-0.3,-0.3
Alex Oxlade-Chamberlain,3,0,0,27,8,0,29.6,2.62,0.78,0.11,0.38,2.3,2.3,0.08,+0.7,+0.7
Mesut Özil,1,0,0,8,3,0,37.5,0.56,0.21,0.13,0.33,1.2,1.2,0.15,-0.2,-0.2
Emerson Palmieri,0,0,0,13,7,1,53.8,1.14,0.62,0.00,0.00,0.9,0.9,0.07,-0.9,-0.9
Sokratis Papastathopoulos,2,0,0,6,2,0,33.3,0.34,0.11,0.33,1.00,0.9,0.9,0.15,+1.1,+1.1
Troy Parrott,0,0,0,0,0,0,0,0.00,0.00,0,0,0.0,0.0,0,0.0,0.0
Rui Patrício,0,0,0,0,0,0,0,0.00,0.00,0,0,0.0,0.0,0,0.0,0.0
Pedro,0,0,0,16,5,0,31.3,3.03,0.95,0.00,0.00,1.4,1.4,0.09,-1.4,-1.4
Nicolas Pépé,4,1,1,40,13,5,32.5,2.51,0.82,0.08,0.23,4.2,3.5,0.09,-0.2,-0.5
Andreas Pereira,1,0,0,37,14,3,37.8,2.29,0.87,0.03,0.07,2.3,2.3,0.06,-1.3,-1.3
Ricardo Pereira,3,0,0,15,4,0,26.7,0.60,0.16,0.20,0.75,1.1,1.1,0.07,+1.9,+1.9
Roberto Pereyra,3,1,1,15,5,3,33.3,1.19,0.40,0.13,0.40,2.2,1.4,0.10,+0.8,+0.6
Ayoze Pérez,7,1,1,32,15,0,46.9,1.90,0.89,0.19,0.40,4.8,4.1,0.13,+2.2,+1.9
Jordan Pickford,0,0,0,0,0,0,0,0.00,0.00,0,0,0.0,0.0,0,0.0,0.0
Brandon Pierrick,0,0,0,0,0,0,0,0.00,0.00,0,0,0.0,0.0,0,0.0,0.0
Erik Pieters,0,0,0,7,1,0,14.3,0.51,0.07,0.00,0.00,0.2,0.2,0.02,-0.2,-0.2
Daniel Podence,0,0,0,1,0,0,0.0,3.46,0.00,0.00,0,0.1,0.1,0.14,-0.1,-0.1
Paul Pogba,0,0,1,13,4,1,30.8,2.25,0.69,0.00,0.00,1.6,0.9,0.07,-1.6,-0.9
Nick Pope,0,0,0,0,0,0,0,0.00,0.00,0,0,0.0,0.0,0,0.0,0.0
Dennis Praet,1,0,0,10,2,0,20.0,1.22,0.24,0.10,0.50,0.9,0.9,0.09,+0.1,+0.1
Sebastian Prödl,0,0,0,2,0,0,0.0,3.16,0.00,0.00,0,0.1,0.1,0.04,-0.1,-0.1
Davy Pröpper,1,0,0,27,7,0,25.9,1.17,0.30,0.04,0.14,1.4,1.4,0.05,-0.4,-0.4
Teemu Pukki,11,2,2,66,30,0,45.5,2.67,1.21,0.14,0.30,11.1,9.6,0.15,-0.1,-0.6
Christian Pulisic,5,0,0,39,17,0,43.6,3.26,1.42,0.13,0.29,5.1,5.1,0.13,-0.1,-0.1
Ignacio Pussetto,0,0,0,0,0,0,0,0.00,0.00,0,0,0.0,0.0,0,0.0,0.0
Domingos Quina,0,0,0,1,1,0,100.0,5.00,5.00,0.00,0.00,0.0,0.0,0.03,0.0,0.0
Aaron Ramsdale,0,0,0,0,0,0,0,0.00,0.00,0,0,0.0,0.0,0,0.0,0.0
Darren Randolph,0,0,0,0,0,0,0,0.00,0.00,0,0,0.0,0.0,0,0.0,0.0
Marcus Rashford,14,5,7,65,28,14,43.1,3.11,1.34,0.14,0.32,13.6,8.3,0.13,+0.4,+0.7
Nathan Redmond,3,0,0,42,14,0,33.3,1.93,0.64,0.07,0.21,3.9,3.9,0.09,-0.9,-0.9
Pepe Reina,0,0,0,0,0,0,0,0.00,0.00,0,0,0.0,0.0,0,0.0,0.0
Declan Rice,0,0,0,15,7,0,46.7,0.60,0.28,0.00,0.00,0.6,0.6,0.04,-0.6,-0.6
Richarlison,9,0,0,62,22,0,35.5,2.67,0.95,0.15,0.41,5.7,5.7,0.09,+3.3,+3.3
Diego Rico,0,0,0,9,3,1,33.3,0.45,0.15,0.00,0.00,0.3,0.3,0.04,-0.3,-0.3
Jaïro Riedewald,0,0,0,2,0,0,0.0,0.32,0.00,0.00,0,0.0,0.0,0.02,0.0,0.0
Matt Ritchie,0,0,0,6,0,1,0.0,0.99,0.00,0.00,0,0.1,0.1,0.02,-0.1,-0.1
Roberto,0,0,0,0,0,0,0,0.00,0.00,0,0,0.0,0.0,0,0.0,0.0
Patrick Roberts,0,0,0,0,0,0,0,0.00,0.00,0,0,0.0,0.0,0,0.0,0.0
Andrew Robertson,1,0,0,14,4,0,28.6,0.56,0.16,0.07,0.25,1.1,1.1,0.08,-0.1,-0.1
Callum Robinson,1,0,0,13,3,0,23.1,1.73,0.40,0.08,0.33,2.1,2.1,0.16,-1.1,-1.1
Rodri,2,0,0,14,6,0,42.9,0.75,0.32,0.14,0.33,0.8,0.8,0.06,+1.2,+1.2
Jay Rodriguez,4,0,0,31,13,0,41.9,2.47,1.03,0.13,0.31,3.4,3.4,0.11,+0.6,+0.6
Marcos Rojo,0,0,0,1,0,0,0.0,0.75,0.00,0.00,0,0.1,0.1,0.11,-0.1,-0.1
Oriol Romeu,0,0,0,5,0,0,0.0,0.35,0.00,0.00,0,0.2,0.2,0.04,-0.2,-0.2
Danny Rose,0,0,0,0,0,0,0,0.00,0.00,0,0,0.0,0.0,0,0.0,0.0
Danny Rose,0,0,0,2,0,0,0.0,0.20,0.00,0.00,0,0.1,0.1,0.06,-0.1,-0.1
Antonio Rüdiger,2,0,0,8,3,0,37.5,0.76,0.29,0.25,0.67,0.4,0.4,0.05,+1.6,+1.6
Lukas Rupp,0,0,0,3,1,0,33.3,1.05,0.35,0.00,0.00,0.3,0.3,0.11,-0.3,-0.3
Mathew Ryan,0,0,0,0,0,0,0,0.00,0.00,0,0,0.0,0.0,0,0.0,0.0
Allan Saint-Maximin,1,0,0,26,12,0,46.2,2.16,1.00,0.04,0.08,1.9,1.9,0.07,-0.9,-0.9
Romain Saïss,2,0,0,18,7,1,38.9,0.94,0.37,0.11,0.29,2.2,2.2,0.12,-0.2,-0.2
Bukayo Saka,0,0,0,7,2,0,28.6,0.62,0.18,0.00,0.00,0.7,0.7,0.10,-0.7,-0.7
Mamadou Sakho,0,0,0,0,0,0,0,0.00,0.00,0,0,0.0,0.0,0,0.0,0.0
Mohamed Salah,14,3,3,87,35,3,40.2,3.95,1.59,0.13,0.31,13.7,11.4,0.13,+0.3,-0.4
Mbwana Samatta,1,0,0,6,2,0,33.3,3.12,1.04,0.17,0.50,0.6,0.6,0.10,+0.4,+0.4
Carlos Sánchez,0,0,0,0,0,0,0,0.00,0.00,0,0,0.0,0.0,0,0.0,0.0
Davinson Sánchez,0,0,0,4,2,0,50.0,0.22,0.11,0.00,0.00,0.6,0.6,0.15,-0.6,-0.6
Ismaila Sarr,3,0,0,30,7,0,23.3,2.61,0.61,0.10,0.43,3.4,3.4,0.11,-0.4,-0.4
Fabian Schär,2,0,0,17,5,1,29.4,1.17,0.34,0.12,0.40,1.2,1.2,0.07,+0.8,+0.8
Ezequiel Schelotto,0,0,0,3,0,0,0.0,1.26,0.00,0.00,0,0.1,0.1,0.03,-0.1,-0.1
Jeffrey Schlupp,2,0,0,14,7,0,50.0,1.47,0.73,0.14,0.29,1.5,1.5,0.11,+0.5,+0.5
Kasper Schmeichel,0,0,0,0,0,0,0,0.00,0.00,0,0,0.0,0.0,0,0.0,0.0
Morgan Schneiderlin,0,0,0,6,0,0,0.0,0.57,0.00,0.00,0,0.3,0.3,0.06,-0.3,-0.3
Ryan Sessegnon,0,0,0,1,0,0,0.0,0.26,0.00,0.00,0,0.1,0.1,0.11,-0.1,-0.1
Xherdan Shaqiri,1,0,0,4,1,0,25.0,2.07,0.52,0.25,1.00,0.5,0.5,0.12,+0.5,+0.5
Billy Sharp,2,0,0,7,3,0,42.9,1.21,0.52,0.29,0.67,1.3,1.3,0.19,+0.7,+0.7
Luke Shaw,0,0,0,6,3,0,50.0,0.56,0.28,0.00,0.00,0.3,0.3,0.05,-0.3,-0.3
Jonjo Shelvey,5,0,0,25,9,5,36.0,1.94,0.70,0.20,0.56,1.7,1.7,0.07,+3.3,+3.3
Djibril Sidibé,0,0,0,8,2,0,25.0,0.51,0.13,0.00,0.00,0.2,0.2,0.03,-0.2,-0.2
Gylfi Sigurðsson,1,0,0,32,11,3,34.4,1.67,0.57,0.03,0.09,2.4,2.4,0.08,-1.4,-1.4
Bernardo Silva,5,0,0,31,13,0,41.9,2.22,0.93,0.16,0.38,4.4,4.4,0.14,+0.6,+0.6
David Silva,3,0,0,30,9,3,30.0,2.30,0.69,0.10,0.33,3.6,3.6,0.12,-0.6,-0.6
Jack Simpson,0,0,0,1,0,0,0.0,0.54,0.00,0.00,0,0.0,0.0,0.01,0.0,0.0
Moussa Sissoko,2,0,0,12,3,0,25.0,0.64,0.16,0.17,0.67,2.0,2.0,0.17,0.0,0.0
Oliver Skipp,0,0,0,0,0,0,0,0.00,0.00,0,0,0.0,0.0,0,0.0,0.0
Adam Smith,0,0,0,4,1,0,25.0,0.28,0.07,0.00,0.00,0.6,0.6,0.14,-0.6,-0.6
Emile Smith-Rowe,0,0,0,0,0,0,0,0.00,0.00,0,0,0.0,0.0,0,0.0,0.0
Robert Snodgrass,5,0,0,21,10,0,47.6,1.42,0.67,0.24,0.50,2.5,2.5,0.12,+2.5,+2.5
Cédric Soares,0,0,0,10,4,0,40.0,0.69,0.28,0.00,0.00,0.6,0.6,0.06,-0.6,-0.6
Dominic Solanke,0,0,0,24,5,0,20.8,1.89,0.39,0.00,0.00,2.1,2.1,0.09,-2.1,-2.1
Tomáš Souček,0,0,0,1,1,0,100.0,1.06,1.06,0.00,0.00,0.1,0.1,0.11,-0.1,-0.1
Çağlar Söyüncü,1,0,0,15,6,0,40.0,0.60,0.24,0.07,0.17,1.9,1.9,0.13,-0.9,-0.9
Dennis Srbeny,1,0,0,2,1,0,50.0,4.62,2.31,0.50,1.00,0.5,0.5,0.23,+0.5,+0.5
Jack Stacey,0,0,0,3,1,0,33.3,0.34,0.11,0.00,0.00,0.2,0.2,0.05,-0.2,-0.2
Junior Stanislas,0,0,0,1,1,0,100.0,0.80,0.80,0.00,0.00,0.0,0.0,0.05,0.0,0.0
Jed Steer,0,0,0,0,0,0,0,0.00,0.00,0,0,0.0,0.0,0,0.0,0.0
Dale Stephens,0,0,0,14,2,0,14.3,0.65,0.09,0.00,0.00,0.5,0.5,0.04,-0.5,-0.5
Jack Stephens,1,0,0,5,1,0,20.0,0.29,0.06,0.20,1.00,0.7,0.7,0.14,+0.3,+0.3
Raheem Sterling,11,0,1,66,20,1,30.3,3.07,0.93,0.17,0.55,10.8,9.8,0.16,+0.2,+1.2
Enda Stevens,1,0,0,14,3,0,21.4,0.54,0.12,0.07,0.33,0.8,0.8,0.06,+0.2,+0.2
Marco Stiepermann,0,0,0,18,5,0,27.8,1.74,0.48,0.00,0.00,1.5,1.5,0.08,-1.5,-1.5
John Stones,0,0,0,6,1,0,16.7,0.61,0.10,0.00,0.00,0.6,0.6,0.11,-0.6,-0.6
Isaac Success,0,0,0,1,1,0,100.0,1.38,1.38,0.00,0.00,0.1,0.1,0.08,-0.1,-0.1
Ki Sung-yueng,0,0,0,0,0,0,0,0.00,0.00,0,0,0.0,0.0,0,0.0,0.0
Andrew Surman,0,0,0,0,0,0,0,0.00,0.00,0,0,0.0,0.0,0,0.0,0.0
Sam Surridge,0,0,0,0,0,0,0,0.00,0.00,0,0,0.0,0.0,0,0.0,0.0
Japhet Tanganga,0,0,0,1,1,0,100.0,0.33,0.33,0.00,0.00,0.0,0.0,0.02,0.0,0.0
Matt Targett,1,0,0,6,4,1,66.7,0.36,0.24,0.17,0.25,0.4,0.4,0.07,+0.6,+0.6
James Tarkowski,1,0,0,15,2,0,13.3,0.58,0.08,0.07,0.50,1.6,1.6,0.11,-0.6,-0.6
Charlie Taylor,0,0,0,1,0,0,0.0,0.08,0.00,0.00,0,0.0,0.0,0.03,0.0,0.0
Neil Taylor,0,0,0,3,0,0,0.0,0.34,0.00,0.00,0,0.2,0.2,0.07,-0.2,-0.2
Alexander Tettey,1,0,0,17,3,0,17.6,0.99,0.17,0.06,0.33,0.6,0.6,0.04,+0.4,+0.4
Youri Tielemans,3,0,0,41,11,0,26.8,1.82,0.49,0.07,0.27,2.3,2.3,0.06,+0.7,+0.7
Kieran Tierney,0,0,0,2,0,0,0.0,0.60,0.00,0.00,0,0.1,0.1,0.04,-0.1,-0.1
James Tomkins,1,0,0,9,2,0,22.2,0.51,0.11,0.11,0.50,1.3,1.3,0.14,-0.3,-0.3
Fikayo Tomori,1,0,0,7,3,0,42.9,0.51,0.22,0.14,0.33,0.6,0.6,0.08,+0.4,+0.4
Lucas Torreira,1,0,0,20,6,0,30.0,1.33,0.40,0.05,0.17,1.6,1.6,0.08,-0.6,-0.6
Cenk Tosun,1,0,0,11,3,0,27.3,3.41,0.93,0.09,0.33,0.8,0.8,0.07,+0.2,+0.2
Cenk Tosun,1,0,0,4,2,0,50.0,2.09,1.05,0.25,0.50,0.8,0.8,0.19,+0.2,+0.2
Andros Townsend,1,0,0,5,4,0,80.0,0.57,0.45,0.20,0.25,0.2,0.2,0.04,+0.8,+0.8
Adama Traoré,4,0,0,31,9,0,29.0,1.43,0.41,0.13,0.44,2.2,2.2,0.07,+1.8,+1.8
Mark Travers,0,0,0,0,0,0,0,0.00,0.00,0,0,0.0,0.0,0,0.0,0.0
Trézéguet,3,0,0,36,9,2,25.0,2.57,0.64,0.08,0.33,2.4,2.4,0.07,+0.6,+0.6
Leandro Trossard,3,0,0,25,9,0,36.0,1.79,0.64,0.12,0.33,2.6,2.6,0.10,+0.4,+0.4
Tom Trybull,0,0,0,11,2,0,18.2,0.96,0.17,0.00,0.00,0.4,0.4,0.04,-0.4,-0.4
Axel Tuanzebe,0,0,0,0,0,0,0,0.00,0.00,0,0,0.0,0.0,0,0.0,0.0
Yan Valery,0,0,0,2,1,0,50.0,0.32,0.16,0.00,0.00,0.2,0.2,0.12,-0.2,-0.2
Jesús Vallejo,0,0,0,0,0,0,0,0.00,0.00,0,0,0.0,0.0,0,0.0,0.0
Jamie Vardy,17,3,4,52,29,0,55.8,2.23,1.24,0.27,0.48,12.8,9.8,0.20,+4.2,+4.2
Indiana Vassilev,0,0,0,0,0,0,0,0.00,0.00,0,0,0.0,0.0,0,0.0,0.0
Jan Vertonghen,1,0,0,3,2,0,66.7,0.20,0.13,0.33,0.50,0.4,0.4,0.13,+0.6,+0.6
Jannik Vestergaard,1,0,0,8,4,0,50.0,0.65,0.32,0.13,0.25,0.8,0.8,0.10,+0.2,+0.2
Rúben Vinagre,0,0,0,3,0,0,0.0,0.80,0.00,0.00,0,0.2,0.2,0.07,-0.2,-0.2
Mario Vrančić,1,0,0,8,2,1,25.0,2.03,0.51,0.13,0.50,0.8,0.8,0.10,+0.2,+0.2
Matěj Vydra,1,0,0,5,3,0,60.0,2.68,1.61,0.20,0.33,0.5,0.5,0.11,+0.5,+0.5
Theo Walcott,1,0,0,25,8,0,32.0,2.34,0.75,0.04,0.13,2.3,2.3,0.09,-1.3,-1.3
Kyle Walker,1,0,0,11,2,0,18.2,0.61,0.11,0.09,0.50,0.8,0.8,0.07,+0.2,+0.2
Kyle Walker-Peters,0,0,0,0,0,0,0,0.00,0.00,0,0,0.0,0.0,0,0.0,0.0
Kyle Walker-Peters,0,0,0,1,0,0,0.0,0.37,0.00,0.00,0,0.0,0.0,0.03,0.0,0.0
Aaron Wan-Bissaka,0,0,0,6,1,0,16.7,0.26,0.04,0.00,0.00,0.3,0.3,0.05,-0.3,-0.3
Victor Wanyama,0,0,0,0,0,0,0,0.00,0.00,0,0,0.0,0.0,0,0.0,0.0
Joel Ward,0,0,0,3,1,0,33.3,0.21,0.07,0.00,0.00,0.1,0.1,0.05,-0.1,-0.1
James Ward-Prowse,4,1,2,34,15,16,44.1,1.31,0.58,0.09,0.20,4.3,2.6,0.10,-0.3,+0.4
Adam Webster,3,0,0,14,6,0,42.9,0.72,0.31,0.21,0.50,1.1,1.1,0.08,+1.9,+1.9
Danny Welbeck,0,0,0,5,2,0,40.0,1.82,0.73,0.00,0.00,0.6,0.6,0.13,-0.6,-0.6
Ashley Westwood,2,0,0,10,2,2,20.0,0.43,0.09,0.20,1.00,1.4,1.4,0.14,+0.6,+0.6
Connor Wickham,1,0,0,4,2,0,50.0,4.00,2.00,0.25,0.50,1.4,1.4,0.35,-0.4,-0.4
Georginio Wijnaldum,2,0,0,26,11,0,42.3,1.12,0.47,0.08,0.18,1.7,1.7,0.06,+0.3,+0.3
Jetro Willems,2,0,0,14,6,0,42.9,0.84,0.36,0.14,0.33,0.6,0.6,0.04,+1.4,+1.4
Brandon Williams,1,0,0,5,2,0,40.0,0.66,0.26,0.20,0.50,0.5,0.5,0.11,+0.5,+0.5
Willian,4,1,1,48,14,4,29.2,2.37,0.69,0.06,0.21,3.4,2.6,0.05,+0.6,+0.4
Joe Willock,0,0,0,8,3,0,37.5,1.25,0.47,0.00,0.00,0.8,0.8,0.10,-0.8,-0.8
Jack Wilshere,0,0,0,0,0,0,0,0.00,0.00,0,0,0.0,0.0,0,0.0,0.0
Callum Wilson,7,0,0,35,15,0,42.9,1.51,0.65,0.20,0.47,6.9,6.9,0.20,+0.1,+0.1
Harry Wilson,7,0,0,43,15,12,34.9,2.82,0.98,0.16,0.47,3.0,3.0,0.07,+4.0,+4.0
Harry Winks,0,0,0,8,2,0,25.0,0.51,0.13,0.00,0.00,0.3,0.3,0.04,-0.3,-0.3
Chris Wood,10,0,0,45,21,0,46.7,2.08,0.97,0.22,0.48,8.7,8.7,0.19,+1.3,+1.3
Granit Xhaka,0,0,0,8,2,0,25.0,0.42,0.10,0.00,0.00,0.2,0.2,0.03,-0.2,-0.2
Andriy Yarmolenko,3,0,0,20,9,1,45.0,2.17,0.98,0.15,0.33,1.5,1.5,0.07,+1.5,+1.5
DeAndre Yedlin,1,0,0,1,1,0,100.0,0.12,0.12,1.00,1.00,0.7,0.7,0.68,+0.3,+0.3
Maya Yoshida,0,0,0,4,3,0,75.0,0.65,0.48,0.00,0.00,0.6,0.6,0.14,-0.6,-0.6
Ashley Young,0,0,0,3,0,0,0.0,0.28,0.00,0.00,0,0.1,0.1,0.04,-0.1,-0.1
Pablo Zabaleta,0,0,0,1,0,0,0.0,0.16,0.00,0.00,0,0.1,0.1,0.06,-0.1,-0.1
Wilfried Zaha,3,0,0,37,10,0,27.0,1.46,0.40,0.08,0.30,2.7,2.7,0.07,+0.3,+0.3
Christoph Zimmermann,0,0,0,6,1,0,16.7,0.42,0.07,0.00,0.00,0.4,0.4,0.07,-0.4,-0.4
Oleksandr Zinchenko,0,0,0,12,2,0,16.7,1.30,0.22,0.00,0.00,0.3,0.3,0.03,-0.3,-0.3
Kurt Zouma,0,0,0,12,4,0,33.3,0.63,0.21,0.00,0.00,0.6,0.6,0.05,-0.6,-0.6
