Rk,Player,Position,Squad,90s,Assists,xA,Assists-xA,KeyPasses,Total Completed Passes,Total Attempted Passes,Total Pass Completion %,Short Completed Passes,Short Attempted Passes,Short Pass Completion %,Medium Completed Passes,Medium Attempted Passes,Medium Pass Completion %,Long Completed Passes,Long Attempted Passes,Long Pass Completion %,Through Ball Passes,Corner Kicks,Passes into final third,Passes Into Penalty Box,Crosses into Penalty Box
1,Antonio Adán,GK,Atlético Madrid,0.3,0,0.0,0.0,0,4,6,66.7,0,0,0,2,2,100.0,2,4,50.0,0,0,0,0,0
2,Aritz Aduriz,FWD,Athletic Bilbao,2.0,0,0.0,0.0,0,32,54,59.3,0,1,0.0,31,46,67.4,1,7,14.3,0,0,3,0,0
3,Lumor Agbenyenu,DEF,Mallorca,15.9,0,1.1,-1.1,12,568,773,73.5,10,43,23.3,475,577,82.3,83,153,54.2,1,0,40,18,10
4,Martin Agirregabiria,DEF,Alavés,16.5,1,0.5,+0.5,8,526,734,71.7,8,36,22.2,441,532,82.9,77,166,46.4,1,1,25,5,1
5,Joseph Aidoo,DEF,Celta Vigo,19.7,1,0.9,+0.1,1,779,876,88.9,4,15,26.7,489,530,92.3,286,331,86.4,1,0,37,0,0
6,Jordi Alba,DEF,Barcelona,13.3,1,1.8,-0.8,15,1031,1186,86.9,22,52,42.3,893,976,91.5,116,158,73.4,1,1,80,17,8
7,Raúl Albiol,DEF,Villarreal,23.0,0,0.3,-0.3,4,964,1126,85.6,2,8,25.0,459,506,90.7,503,612,82.2,1,0,61,5,1
8,Paco Alcácer,FWD,Villarreal,2.5,1,0.1,+0.9,1,42,63,66.7,2,6,33.3,37,49,75.5,3,8,37.5,0,0,0,0,0
9,Rubén Alcaraz,MID,Valladolid,11.0,1,0.4,+0.6,6,471,589,80.0,9,22,40.9,324,363,89.3,138,204,67.6,2,8,49,3,0
10,Álex Alegría,FWD,Mallorca,1.1,0,0.0,0.0,0,23,35,65.7,2,3,66.7,18,28,64.3,3,4,75.0,0,0,1,0,0
11,Carles Aleñá,MID,Betis,4.5,0,0.1,-0.1,2,155,183,84.7,5,12,41.7,103,116,88.8,47,55,85.5,0,0,22,2,0
12,Carles Aleñá,MID,Barcelona,1.9,0,0.0,0.0,0,143,156,91.7,3,6,50.0,106,109,97.2,34,41,82.9,1,4,18,1,0
13,Sergio Álvarez,GK,Celta Vigo,2.0,0,0.0,0.0,0,39,53,73.6,0,0,0,22,22,100.0,17,31,54.8,0,0,0,0,0
14,Sergio Álvarez,MID,Eibar,7.1,0,0.2,-0.2,4,178,235,75.7,0,5,0.0,127,151,84.1,51,79,64.6,0,0,28,1,1
15,Yeray Álvarez,DEF,Athletic Bilbao,22.0,0,0.5,-0.5,3,831,1014,82.0,8,16,50.0,531,588,90.3,292,410,71.2,1,0,59,7,3
16,Amath,MID,Getafe,0.4,0,0.0,0.0,0,4,6,66.7,0,1,0.0,4,5,80.0,0,0,0,0,0,0,0,0
17,Miguel Ángel Guerrero,FWD,Leganés,0.7,0,0.0,0.0,1,10,13,76.9,1,1,100.0,9,11,81.8,0,1,0.0,0,0,0,0,0
18,Miguel Ángel Moyá,GK,Real Sociedad,7.0,0,0.0,0.0,0,216,274,78.8,1,1,100.0,112,112,100.0,103,161,64.0,0,0,1,0,0
19,José Ángel,DEF,Eibar,16.4,1,2.2,-1.2,22,618,912,67.8,11,33,33.3,412,494,83.4,195,385,50.6,2,1,70,28,18
20,Antoñito,DEF,Valladolid,5.8,0,0.8,-0.8,5,153,217,70.5,2,9,22.2,124,148,83.8,27,60,45.0,1,0,15,3,0
21,Vitorino Antunes,MID,Getafe,0.1,0,0.0,0.0,0,0,1,0.0,0,0,0,0,0,0,0,1,0.0,0,0,0,0,0
22,Anuar,MID,Valladolid,2.0,0,0.0,0.0,0,86,101,85.1,2,3,66.7,67,77,87.0,17,21,81.0,0,1,6,1,0
23,Mauro Arambarri,MID,Getafe,22.0,1,1.0,0.0,3,406,599,67.8,16,35,45.7,269,374,71.9,121,190,63.7,1,2,60,9,0
24,Néstor Araujo,DEF,Celta Vigo,21.2,1,0.0,+1.0,0,880,1005,87.6,6,16,37.5,577,626,92.2,297,363,81.8,0,0,28,0,0
25,Ronald Araújo,DEF,Barcelona,0.1,0,0.0,0.0,0,1,1,100.0,0,0,0,0,0,0,1,1,100.0,0,0,0,0,0
26,Anaitz Arbilla,DEF,Eibar,15.2,0,0.0,0.0,1,570,744,76.6,4,21,19.0,308,356,86.5,258,367,70.3,0,0,71,4,1
27,Alphonse Areola,GK,Real Madrid,3.0,0,0.0,0.0,0,80,96,83.3,1,1,100.0,46,46,100.0,33,49,67.3,0,0,0,0,0
28,Santiago Arias,DEF,Atlético Madrid,6.1,1,0.5,+0.5,7,232,298,77.9,5,12,41.7,201,228,88.2,26,58,44.8,0,0,8,4,1
29,José Arnaiz,FWD,Osasuna,0.9,0,0.1,-0.1,2,22,24,91.7,1,3,33.3,19,19,100.0,2,2,100.0,0,0,1,0,0
30,José Arnaiz,MID,Leganés,3.6,0,0.6,-0.6,7,73,97,75.3,4,8,50.0,56,68,82.4,13,21,61.9,1,3,2,4,3
31,Sergio Asenjo,GK,Villarreal,21.0,0,0.0,0.0,0,443,625,70.9,1,1,100.0,221,223,99.1,221,401,55.1,1,0,6,0,0
32,Iago Aspas,FWD,Celta Vigo,24.0,2,2.6,-0.6,34,695,865,80.3,36,71,50.7,555,660,84.1,104,134,77.6,3,3,46,28,1
33,Roger Assalé,FWD,Leganés,0.4,0,0.0,0.0,0,7,8,87.5,0,0,0,7,7,100.0,0,1,0.0,0,0,1,0,0
34,Miguel Atienza,MID,Eibar,0.3,0,0.0,0.0,0,8,11,72.7,0,1,0.0,6,6,100.0,2,4,50.0,0,0,0,0,0
35,Ezequiel Ávila,FWD,Osasuna,17.7,2,2.7,-0.7,21,186,323,57.6,3,21,14.3,139,222,62.6,44,80,55.0,2,0,22,12,3
36,Javier Avilés,MID,Leganés,0.1,0,0.0,0.0,0,4,9,44.4,0,2,0.0,4,7,57.1,0,0,0,0,0,1,0,0
37,Chidozie Awaziem,DEF,Leganés,13.7,0,0.1,-0.1,2,341,442,77.1,11,22,50.0,222,248,89.5,108,172,62.8,0,0,28,3,1
38,Ramon Azeez,MID,Granada,9.4,0,0.2,-0.2,3,176,222,79.3,4,12,33.3,149,181,82.3,23,29,79.3,0,0,18,2,0
39,Iddrisu Baba,MID,Mallorca,20.6,0,0.1,-0.1,5,666,807,82.5,13,31,41.9,505,582,86.8,148,194,76.3,1,0,66,5,1
40,Carlos Bacca,FWD,Villarreal,4.7,0,0.1,-0.1,2,58,78,74.4,0,4,0.0,49,61,80.3,9,13,69.2,0,0,2,1,0
41,Gareth Bale,FWD,Real Madrid,11.0,2,1.4,+0.6,11,329,443,74.3,5,16,31.3,273,319,85.6,51,108,47.2,2,0,18,12,7
42,Mikel Balenziaga,DEF,Athletic Bilbao,3.0,0,0.0,0.0,0,101,135,74.8,1,4,25.0,83,101,82.2,17,30,56.7,0,0,3,2,0
43,Éver Banega,MID,Sevilla,19.6,6,3.9,+2.1,44,1339,1615,82.9,15,44,34.1,913,1013,90.1,411,558,73.7,9,82,180,23,5
44,Federico Barba,DEF,Valladolid,5.0,0,0.1,-0.1,2,146,218,67.0,1,8,12.5,116,145,80.0,29,65,44.6,0,0,20,2,1
45,Enis Bardhi,MID,Levante,13.1,2,0.8,+1.2,12,336,473,71.0,20,45,44.4,266,324,82.1,50,104,48.1,2,22,38,8,2
46,Antonio Barragán,DEF,Betis,4.6,1,0.6,+0.4,5,216,263,82.1,3,7,42.9,179,197,90.9,34,59,57.6,1,0,15,7,1
47,Ander Barrenetxea,MID,Real Sociedad,1.5,0,0.3,-0.3,6,52,69,75.4,2,5,40.0,44,50,88.0,6,14,42.9,1,0,4,2,0
48,Marc Bartra,DEF,Betis,19.9,1,0.7,+0.3,3,924,1073,86.1,18,27,66.7,611,660,92.6,295,386,76.4,4,0,48,4,0
49,Gil Bastião Dias,FWD,Granada,0.9,0,0.0,0.0,1,14,23,60.9,0,3,0.0,10,13,76.9,4,7,57.1,1,1,1,0,0
50,Fran Beltrán,MID,Celta Vigo,12.8,0,0.4,-0.4,8,548,618,88.7,7,19,36.8,412,450,91.6,129,149,86.6,0,3,42,2,0
51,Hatem Ben Arfa,MID,Valladolid,0.1,0,0.0,0.0,1,3,4,75.0,0,0,0,1,1,100.0,2,3,66.7,0,0,0,1,0
52,Karim Benzema,FWD,Real Madrid,21.7,6,4.7,+1.3,42,643,778,82.6,25,54,46.3,526,608,86.5,92,116,79.3,3,0,48,34,1
53,Yuri Berchiche,DEF,Athletic Bilbao,21.0,0,1.4,-1.4,15,881,1097,80.3,15,50,30.0,687,789,87.1,179,258,69.4,1,0,74,19,8
54,Markel Bergara,MID,Getafe,0.8,0,0.1,-0.1,1,10,19,52.6,0,2,0.0,10,16,62.5,0,1,0.0,0,0,0,0,0
55,Sergio Bermejo,FWD,Celta Vigo,0.0,0,0.0,0.0,0,3,3,100.0,0,0,0,3,3,100.0,0,0,0,0,0,0,1,0
56,Pedro Bigas,DEF,Eibar,8.6,0,0.3,-0.3,3,214,315,67.9,2,4,50.0,121,153,79.1,91,158,57.6,0,0,11,3,1
57,Rubén Blanco,GK,Celta Vigo,22.0,0,0.0,0.0,0,420,688,61.0,1,1,100.0,198,203,97.5,221,484,45.7,0,0,6,0,0
58,Pablo de Blasis,DEF,Eibar,10.7,2,1.4,+0.6,8,443,632,70.1,8,23,34.8,304,365,83.3,131,244,53.7,1,5,58,11,4
59,Filip Bradarić,MID,Celta Vigo,1.1,0,0.0,0.0,1,31,43,72.1,0,1,0.0,29,37,78.4,2,5,40.0,0,1,2,0,0
60,Martin Braithwaite,FWD,Leganés,21.5,1,1.2,-0.2,12,269,390,69.0,8,26,30.8,231,310,74.5,30,54,55.6,3,0,25,9,0
61,Brandon,FWD,Osasuna,4.5,1,0.4,+0.6,4,82,117,70.1,2,10,20.0,73,94,77.7,7,13,53.8,0,0,1,3,1
62,Darko Brašanac,MID,Osasuna,15.7,1,0.7,+0.3,12,368,488,75.4,11,32,34.4,301,375,80.3,56,81,69.1,1,0,28,5,1
63,Yan Brice Eteki,MID,Granada,8.4,0,0.1,-0.1,3,179,210,85.2,9,17,52.9,126,140,90.0,44,53,83.0,0,0,17,1,0
64,Bryan,FWD,Sevilla,0.7,0,0.0,0.0,0,24,28,85.7,3,4,75.0,21,21,100.0,0,3,0.0,0,0,1,0,0
65,Bryan,MID,Leganés,0.4,0,0.1,-0.1,1,9,12,75.0,1,4,25.0,7,7,100.0,1,1,100.0,0,1,0,0,0
66,Ante Budimir,FWD,Mallorca,21.1,1,0.8,+0.2,9,246,373,66.0,27,46,58.7,199,292,68.2,20,35,57.1,0,0,20,4,0
67,Esteban Burgos,DEF,Eibar,4.8,0,0.0,0.0,0,110,169,65.1,0,2,0.0,41,52,78.8,69,115,60.0,0,0,12,1,0
68,Burgui,MID,Alavés,0.2,0,0.0,0.0,0,4,7,57.1,0,0,0,3,5,60.0,1,2,50.0,0,0,1,0,0
69,Oliver Burke,MID,Alavés,8.4,1,0.4,+0.6,2,143,203,70.4,6,13,46.2,127,168,75.6,10,22,45.5,0,0,5,3,0
70,Sergio Busquets,MID,Barcelona,17.3,2,2.1,-0.1,18,1498,1659,90.3,41,64,64.1,1169,1256,93.1,288,339,85.0,10,0,150,21,0
71,Unai Bustinza,DEF,Leganés,19.9,1,1.0,0.0,10,595,846,70.3,14,35,40.0,402,482,83.4,179,329,54.4,3,0,71,5,2
72,Erick Cabaco,DEF,Levante,9.0,0,0.1,-0.1,2,276,350,78.9,4,6,66.7,167,185,90.3,105,159,66.0,1,0,15,1,0
73,Ariday Cabrera,MID,Mallorca,0.4,0,0.0,0.0,0,9,11,81.8,0,1,0.0,5,6,83.3,4,4,100.0,0,0,1,0,0
74,Leandro Cabrera,DEF,Espanyol,4.0,0,0.1,-0.1,2,98,148,66.2,2,5,40.0,52,62,83.9,44,81,54.3,0,0,9,1,0
75,Leandro Cabrera,DEF,Getafe,17.0,0,0.3,-0.3,2,272,503,54.1,2,14,14.3,95,149,63.8,175,340,51.5,0,0,54,5,1
76,Fernando Calero,DEF,Espanyol,10.8,0,0.0,0.0,1,488,557,87.6,4,6,66.7,367,390,94.1,117,161,72.7,1,0,15,3,0
77,Jonathan Calleri,FWD,Espanyol,13.6,3,1.9,+1.1,13,140,242,57.9,9,19,47.4,114,181,63.0,17,42,40.5,0,1,14,4,1
78,Víctor Camarasa,MID,Alavés,5.0,0,0.6,-0.6,7,130,165,78.8,3,6,50.0,108,128,84.4,19,31,61.3,0,1,4,6,1
79,Sergio Camello,FWD,Atlético Madrid,0.3,0,0.0,0.0,0,2,5,40.0,0,0,0,1,3,33.3,1,2,50.0,0,0,0,0,0
80,José Campaña,MID,Levante,22.6,5,3.8,+1.2,55,1042,1334,78.1,23,49,46.9,815,943,86.4,204,342,59.6,3,70,104,23,3
81,Xisco Campos,DEF,Mallorca,3.8,0,0.0,0.0,0,112,146,76.7,2,3,66.7,68,81,84.0,42,62,67.7,0,0,3,0,0
82,Víctor Campuzano,FWD,Espanyol,7.7,0,0.0,0.0,1,81,127,63.8,5,17,29.4,68,92,73.9,8,18,44.4,1,0,7,0,0
83,Sergio Canales,MID,Betis,22.5,3,2.7,+0.3,39,1136,1356,83.8,35,66,53.0,869,950,91.5,232,340,68.2,6,44,80,35,6
84,Ander Capa,DEF,Athletic Bilbao,22.0,4,2.8,+1.2,16,825,1092,75.5,7,48,14.6,682,804,84.8,136,240,56.7,3,0,51,10,1
85,Marc Cardona,FWD,Osasuna,5.7,1,0.7,+0.3,5,93,122,76.2,2,8,25.0,84,101,83.2,7,13,53.8,1,0,7,2,0
86,Diego Carlos,DEF,Sevilla,22.8,0,0.5,-0.5,4,989,1138,86.9,9,13,69.2,621,663,93.7,359,462,77.7,0,0,43,1,1
87,Yannick Carrasco,FWD,Atlético Madrid,0.7,0,0.0,0.0,0,8,15,53.3,0,2,0.0,8,11,72.7,0,2,0.0,0,3,0,0,0
88,Daniel Carriço,DEF,Sevilla,9.4,0,0.0,0.0,1,502,542,92.6,3,4,75.0,363,372,97.6,136,166,81.9,0,0,23,0,0
89,Guido Carrillo,FWD,Leganés,8.1,1,0.2,+0.8,6,134,201,66.7,8,11,72.7,110,159,69.2,16,31,51.6,0,0,9,6,0
90,Dani Carvajal,DEF,Real Madrid,20.0,4,3.2,+0.8,31,1409,1662,84.8,15,65,23.1,1166,1275,91.5,228,322,70.8,3,0,90,30,7
91,William Carvalho,MID,Betis,7.0,0,0.7,-0.7,4,364,413,88.1,11,16,68.8,276,306,90.2,77,91,84.6,1,0,24,5,0
92,Casemiro,MID,Real Madrid,21.7,2,0.2,+1.8,7,1114,1338,83.3,32,60,53.3,785,886,88.6,297,392,75.8,6,0,107,10,2
93,Santi Cazorla,MID,Villarreal,17.6,5,4.6,+0.4,46,862,1078,80.0,7,26,26.9,612,689,88.8,243,363,66.9,4,70,114,35,7
94,Charles,FWD,Eibar,8.3,0,0.4,-0.4,7,146,213,68.5,5,15,33.3,123,172,71.5,18,26,69.2,1,0,9,1,0
95,Pablo Chavarría,MID,Mallorca,0.7,0,0.4,-0.4,1,10,15,66.7,2,2,100.0,8,12,66.7,0,1,0.0,0,0,0,0,0
96,Pape Cheikh Diop,MID,Celta Vigo,6.0,1,0.3,+0.7,4,214,237,90.3,7,9,77.8,167,185,90.3,40,43,93.0,1,0,15,1,0
97,Denis Cheryshev,MID,Valencia,5.7,1,0.4,+0.6,1,120,177,67.8,2,12,16.7,99,126,78.6,19,39,48.7,0,0,4,7,2
98,Samuel Chukwueze,MID,Villarreal,15.0,1,2.8,-1.8,27,338,467,72.4,7,33,21.2,252,320,78.8,79,114,69.3,2,3,23,19,5
99,Jasper Cillessen,GK,Valencia,13.3,1,0.1,+0.9,1,252,399,63.2,5,5,100.0,135,136,99.3,112,258,43.4,0,0,0,0,0
100,Óscar Clemente,MID,Atlético Madrid,0.0,0,0.0,0.0,0,2,2,100.0,0,0,0,2,2,100.0,0,0,0,0,0,0,0,0
101,Carlos Clerc,DEF,Levante,13.0,2,1.5,+0.5,6,417,587,71.0,6,30,20.0,362,430,84.2,49,127,38.6,1,0,29,3,3
102,Coke,DEF,Levante,6.1,0,0.2,-0.2,3,271,334,81.1,3,17,17.6,211,233,90.6,57,84,67.9,0,0,18,3,1
103,Álex Collado,DEF,Barcelona,0.1,0,0.0,0.0,0,9,10,90.0,1,1,100.0,7,8,87.5,1,1,100.0,0,0,1,0,0
104,Francis Coquelin,MID,Valencia,16.2,0,0.1,-0.1,4,697,769,90.6,11,17,64.7,526,553,95.1,160,199,80.4,0,0,71,6,0
105,Sébastien Corchia,DEF,Espanyol,3.0,0,0.5,-0.5,7,149,186,80.1,1,10,10.0,123,132,93.2,25,44,56.8,0,3,6,3,1
106,Iñigo Córdoba,FWD,Athletic Bilbao,7.7,1,0.2,+0.8,7,154,221,69.7,9,23,39.1,133,167,79.6,12,31,38.7,0,0,11,2,1
107,Ángel Correa,MID,Atlético Madrid,13.8,5,3.0,+2.0,17,246,335,73.4,18,30,60.0,209,259,80.7,19,46,41.3,3,4,13,11,0
108,Rober Correa,DEF,Eibar,2.9,0,0.0,0.0,0,99,138,71.7,1,8,12.5,75,88,85.2,23,42,54.8,0,0,11,1,1
109,Thierry Correia,DEF,Valencia,2.0,0,0.0,0.0,1,68,88,77.3,1,7,14.3,53,59,89.8,14,22,63.6,0,0,6,1,0
110,Diego Costa,FWD,Atlético Madrid,8.4,2,1.2,+0.8,9,125,171,73.1,7,16,43.8,106,137,77.4,12,18,66.7,2,0,9,8,0
111,Jaume Costa,DEF,Valencia,9.7,0,0.3,-0.3,5,393,483,81.4,3,12,25.0,326,362,90.1,64,109,58.7,0,0,27,5,2
112,David Costas,DEF,Celta Vigo,3.7,0,0.0,0.0,0,182,198,91.9,1,5,20.0,131,137,95.6,50,56,89.3,0,0,3,0,0
113,Thibaut Courtois,GK,Real Madrid,21.0,0,0.0,0.0,0,481,630,76.3,0,1,0.0,303,303,100.0,178,326,54.6,1,0,1,0,0
114,Sebastián Cristóforo,MID,Eibar,1.6,0,0.0,0.0,1,37,56,66.1,0,2,0.0,29,37,78.4,8,17,47.1,0,1,8,0,0
115,Cucho,FWD,Mallorca,6.1,1,0.9,+0.1,7,109,166,65.7,10,20,50.0,88,121,72.7,11,25,44.0,0,0,5,4,3
116,Marc Cucurella,MID,Getafe,23.8,4,3.6,+0.4,30,583,890,65.5,14,60,23.3,465,588,79.1,104,242,43.0,2,10,57,29,10
117,Iván Cuéllar,GK,Leganés,14.0,0,0.0,0.0,0,224,447,50.1,0,0,0,51,52,98.1,173,395,43.8,0,0,20,1,0
118,Moanes Dabour,FWD,Sevilla,0.3,0,0.0,0.0,0,14,19,73.7,0,2,0.0,13,15,86.7,1,2,50.0,1,0,0,3,0
119,Sergi Darder,MID,Espanyol,20.5,1,1.9,-0.9,23,563,773,72.8,9,28,32.1,398,497,80.1,156,248,62.9,4,31,85,15,1
120,Ousmane Dembélé,FWD,Barcelona,4.0,0,0.7,-0.7,8,201,261,77.0,4,19,21.1,166,188,88.3,31,54,57.4,0,19,13,12,2
121,Deyverson,FWD,Getafe,0.9,1,0.4,+0.6,2,13,27,48.1,1,4,25.0,11,15,73.3,1,8,12.5,0,0,4,0,0
122,Mouctar Diakhaby,DEF,Valencia,8.1,0,0.0,0.0,1,363,405,89.6,3,5,60.0,262,278,94.2,98,122,80.3,0,0,21,1,1
123,Brahim Díaz,FWD,Real Madrid,0.3,0,0.0,0.0,0,8,9,88.9,0,0,0,7,8,87.5,1,1,100.0,0,0,0,0,0
124,Víctor Díaz,DEF,Granada,22.7,5,2.4,+2.6,20,715,1041,68.7,7,39,17.9,518,627,82.6,190,375,50.7,0,4,67,14,6
125,Papakouli Diop,MID,Eibar,15.7,0,0.3,-0.3,10,393,513,76.6,1,12,8.3,284,347,81.8,108,154,70.1,1,0,61,3,0
126,Djené,DEF,Getafe,22.0,0,0.4,-0.4,4,409,570,71.8,5,14,35.7,233,288,80.9,171,268,63.8,0,0,47,3,1
127,Marko Dmitrović,GK,Eibar,23.0,0,0.0,0.0,0,321,704,45.6,0,0,0,78,79,98.7,243,625,38.9,0,0,36,1,0
128,Jaume Doménech,GK,Valencia,10.7,0,0.0,0.0,0,223,339,65.8,3,3,100.0,101,101,100.0,119,235,50.6,0,0,2,0,0
129,Domingos Duarte,DEF,Granada,22.5,0,0.0,0.0,1,648,791,81.9,4,12,33.3,383,427,89.7,261,352,74.1,0,0,37,2,0
130,Óscar Duarte,DEF,Levante,3.4,0,0.0,0.0,0,115,130,88.5,0,0,0,58,62,93.5,57,68,83.8,0,0,3,0,0
131,Rubén Duarte,DEF,Alavés,22.0,1,0.6,+0.4,7,682,938,72.7,13,34,38.2,538,642,83.8,131,262,50.0,0,3,67,9,5
132,Hugo Duro,FWD,Getafe,0.9,0,0.0,0.0,0,10,20,50.0,2,3,66.7,8,13,61.5,0,4,0.0,0,0,0,0,0
133,Aritz Elustondo,DEF,Real Sociedad,7.3,0,0.2,-0.2,1,308,359,85.8,0,3,0.0,223,247,90.3,85,109,78.0,0,0,18,0,0
134,Rodrigo Ely,DEF,Alavés,14.6,0,0.0,0.0,0,468,580,80.7,2,7,28.6,257,286,89.9,209,287,72.8,0,0,21,0,0
135,Adri Embarba,MID,Espanyol,3.2,1,0.6,+0.4,4,45,74,60.8,2,4,50.0,33,40,82.5,10,30,33.3,0,7,4,4,2
136,Emerson,DEF,Betis,19.5,5,2.5,+2.5,17,724,914,79.2,16,64,25.0,588,675,87.1,120,175,68.6,0,0,30,13,5
137,Youssef En-Nesyri,FWD,Sevilla,2.3,0,0.0,0.0,1,29,45,64.4,0,3,0.0,26,37,70.3,3,5,60.0,0,0,2,1,0
138,Youssef En-Nesyri,FWD,Leganés,15.4,2,0.7,+1.3,7,163,266,61.3,8,25,32.0,131,196,66.8,24,45,53.3,0,0,4,8,2
139,Sergi Enrich,FWD,Eibar,13.4,1,0.1,+0.9,2,243,324,75.0,7,21,33.3,216,270,80.0,20,33,60.6,0,0,12,6,0
140,Javier Eraso,MID,Leganés,5.6,0,0.5,-0.5,7,147,188,78.2,6,11,54.5,122,144,84.7,19,33,57.6,1,14,4,2,1
141,Gonzalo Escalante,MID,Eibar,13.3,1,0.6,+0.4,8,370,493,75.1,4,15,26.7,283,345,82.0,83,133,62.4,0,0,33,9,1
142,Aarón Escandell,GK,Granada,1.0,0,0.0,0.0,0,21,39,53.8,0,0,0,9,9,100.0,12,30,40.0,0,0,2,0,0
143,Sergio Escudero,DEF,Sevilla,3.6,0,0.5,-0.5,3,186,239,77.8,5,8,62.5,158,179,88.3,23,52,44.2,1,0,13,0,0
144,Bernardo Espinosa,DEF,Espanyol,15.0,0,0.3,-0.3,3,399,531,75.1,5,12,41.7,224,270,83.0,170,249,68.3,0,0,14,1,0
145,Esquerdo,MID,Valencia,0.1,0,0.0,0.0,0,5,8,62.5,0,1,0.0,3,4,75.0,2,3,66.7,0,0,0,0,0
146,Pervis Estupiñán,DEF,Osasuna,23.0,3,2.1,+0.9,31,933,1262,73.9,16,70,22.9,767,903,84.9,150,289,51.9,2,1,70,39,27
147,Oghenekaro Etebo,MID,Getafe,1.5,0,0.0,0.0,0,13,25,52.0,1,2,50.0,11,18,61.1,1,5,20.0,0,0,0,0,0
148,Beñat Etxebarria,MID,Athletic Bilbao,4.3,0,0.4,-0.4,11,161,194,83.0,3,5,60.0,115,125,92.0,43,64,67.2,1,16,13,2,0
149,Xabier Etxeita,DEF,Getafe,7.5,0,0.0,0.0,0,65,111,58.6,1,4,25.0,31,49,63.3,33,58,56.9,0,0,10,1,1
150,Edu Expósito,MID,Eibar,15.3,1,1.1,-0.1,14,455,531,85.7,5,14,35.7,334,377,88.6,116,140,82.9,0,0,50,8,2
151,Fabricio,GK,Mallorca,1.0,0,0.0,0.0,0,24,33,72.7,0,0,0,6,6,100.0,18,27,66.7,0,0,0,0,0
152,Fayçal Fajr,MID,Getafe,4.3,0,0.5,-0.5,9,112,178,62.9,1,6,16.7,64,81,79.0,47,91,51.6,0,18,20,3,2
153,Eliseo Falcon,DEF,Levante,0.8,0,0.0,0.0,0,22,24,91.7,0,0,0,16,16,100.0,6,8,75.0,0,1,2,0,0
154,Ansu Fati,FWD,Barcelona,7.4,1,1.5,-0.5,11,271,342,79.2,12,29,41.4,252,294,85.7,7,19,36.8,0,9,10,6,0
155,Aleix Febas,MID,Mallorca,15.5,3,1.4,+1.6,18,438,529,82.8,22,37,59.5,368,426,86.4,48,66,72.7,2,0,30,8,0
156,Zouhair Feddal,DEF,Betis,9.4,1,0.3,+0.7,1,504,582,86.6,4,7,57.1,320,340,94.1,180,235,76.6,0,0,16,1,0
157,Ljubomir Fejsa,MID,Alavés,2.1,0,0.0,0.0,0,61,73,83.6,3,7,42.9,44,51,86.3,14,15,93.3,0,0,4,0,0
158,Nabil Fekir,MID,Betis,17.2,1,1.5,-0.5,20,425,537,79.1,13,37,35.1,333,383,86.9,79,117,67.5,2,7,45,11,1
159,Felipe,DEF,Atlético Madrid,17.0,0,0.1,-0.1,4,517,649,79.7,7,19,36.8,358,401,89.3,152,229,66.4,0,0,20,0,0
160,João Félix,FWD,Atlético Madrid,14.1,1,1.9,-0.9,11,270,356,75.8,15,34,44.1,233,277,84.1,22,45,48.9,2,3,28,10,1
161,Aitor Fernández,GK,Levante,24.0,0,0.2,-0.2,1,493,740,66.6,7,7,100.0,213,214,99.5,273,519,52.6,1,0,7,0,0
162,Andrés Fernández,GK,Villarreal,3.0,0,0.0,0.0,0,73,98,74.5,1,1,100.0,44,44,100.0,28,53,52.8,0,0,0,0,0
163,Carlos Fernández,FWD,Granada,13.8,2,0.9,+1.1,12,224,354,63.3,7,28,25.0,191,278,68.7,26,48,54.2,1,1,14,4,0
164,Gabriel Fernández,FWD,Celta Vigo,5.5,1,0.2,+0.8,2,73,106,68.9,7,12,58.3,54,75,72.0,12,19,63.2,0,0,7,1,0
165,Joaquín Fernández,MID,Valladolid,11.2,0,0.0,0.0,2,385,475,81.1,8,17,47.1,276,314,87.9,101,144,70.1,0,0,33,3,0
166,Fernando,MID,Sevilla,22.0,1,0.3,+0.7,6,1058,1169,90.5,21,30,70.0,697,759,91.8,340,380,89.5,1,0,72,2,1
167,Facundo Ferreyra,FWD,Espanyol,5.9,0,0.4,-0.4,5,65,98,66.3,5,14,35.7,54,74,73.0,6,10,60.0,0,0,3,2,0
168,Junior Firpo,DEF,Barcelona,8.0,0,0.4,-0.4,8,502,558,90.0,11,20,55.0,450,481,93.6,41,57,71.9,0,0,23,8,1
169,Alessandro Florenzi,DEF,Valencia,1.4,0,0.0,0.0,0,57,83,68.7,1,3,33.3,40,50,80.0,16,30,53.3,0,0,4,0,0
170,Hernâni Fortes,MID,Levante,4.7,0,0.9,-0.9,8,60,101,59.4,1,7,14.3,48,65,73.8,11,29,37.9,0,1,2,3,2
171,Dimitri Foulquier,DEF,Granada,4.1,0,0.1,-0.1,1,87,124,70.2,4,13,30.8,70,91,76.9,13,20,65.0,0,0,3,0,0
172,Jorge de Frutos,MID,Valladolid,0.6,0,0.1,-0.1,1,15,17,88.2,0,1,0.0,13,14,92.9,2,2,100.0,0,0,0,0,0
173,Ramiro Funes Mori,DEF,Villarreal,5.0,0,0.1,-0.1,1,224,270,83.0,1,5,20.0,135,150,90.0,88,115,76.5,0,0,11,0,0
174,Enric Gallego,FWD,Osasuna,1.6,0,0.1,-0.1,1,18,35,51.4,1,2,50.0,15,23,65.2,2,10,20.0,0,0,1,0,0
175,Enric Gallego,FWD,Getafe,1.8,0,0.0,0.0,0,26,48,54.2,3,8,37.5,20,34,58.8,3,6,50.0,1,0,2,1,0
176,Kévin Gameiro,FWD,Valencia,9.0,1,1.6,-0.6,8,165,219,75.3,3,12,25.0,145,181,80.1,17,26,65.4,0,0,8,8,0
177,Fran Gámez,DEF,Mallorca,13.0,1,0.7,+0.3,8,428,588,72.8,14,38,36.8,321,374,85.8,93,176,52.8,1,0,30,9,4
178,Ezequiel Garay,DEF,Valencia,16.0,0,0.1,-0.1,2,759,853,89.0,11,16,68.8,477,498,95.8,271,339,79.9,0,0,39,1,0
179,Dani García,MID,Athletic Bilbao,22.3,0,0.4,-0.4,9,783,932,84.0,10,23,43.5,535,604,88.6,238,305,78.0,0,0,62,3,1
180,David García,DEF,Osasuna,19.0,0,0.2,-0.2,4,543,695,78.1,4,13,30.8,310,367,84.5,229,315,72.7,3,0,50,3,0
181,Javi García,MID,Betis,4.0,0,0.0,0.0,0,151,181,83.4,2,8,25.0,123,138,89.1,26,35,74.3,0,0,7,0,0
182,Manu García,MID,Alavés,17.5,0,0.1,-0.1,1,432,588,73.5,7,31,22.6,341,420,81.2,84,137,61.3,1,0,39,0,0
183,Raúl García,DEF,Valladolid,5.0,1,0.2,+0.8,3,141,208,67.8,1,10,10.0,110,129,85.3,30,69,43.5,0,1,11,3,2
184,Raúl García,MID,Athletic Bilbao,20.4,1,0.5,+0.5,13,368,635,58.0,10,40,25.0,305,461,66.2,53,134,39.6,1,0,51,10,0
185,Raúl García,DEF,Getafe,2.7,0,0.2,-0.2,4,89,136,65.4,2,8,25.0,62,74,83.8,25,54,46.3,0,3,7,8,5
186,Rubén García,MID,Osasuna,18.8,2,2.6,-0.6,35,552,792,69.7,12,39,30.8,410,513,79.9,130,240,54.2,1,69,44,23,6
187,Unai García,DEF,Osasuna,2.2,0,0.1,-0.1,1,50,68,73.5,1,1,100.0,29,33,87.9,20,34,58.8,0,0,3,0,0
188,Mario Gaspar,DEF,Villarreal,15.7,1,1.4,-0.4,13,600,756,79.4,3,16,18.8,509,583,87.3,88,157,56.1,1,0,43,4,0
189,José Antonio Martínez Gil,DEF,Granada,10.5,0,0.0,0.0,0,286,379,75.5,1,9,11.1,150,185,81.1,135,185,73.0,0,0,22,2,0
190,Ibai Gómez,FWD,Athletic Bilbao,6.6,0,1.6,-1.6,16,172,272,63.2,4,15,26.7,135,159,84.9,33,98,33.7,0,41,9,5,4
191,Maxi Gómez,FWD,Valencia,16.3,2,1.7,+0.3,7,167,255,65.5,5,16,31.3,133,193,68.9,29,46,63.0,3,0,13,8,0
192,Moi Gómez,MID,Villarreal,17.9,3,2.6,+0.4,20,604,756,79.9,13,44,29.5,490,544,90.1,101,168,60.1,2,7,35,21,12
193,Sergi Gómez,DEF,Sevilla,4.1,0,0.0,0.0,0,224,248,90.3,2,4,50.0,141,148,95.3,81,96,84.4,0,0,13,0,0
194,Maxime Gonalons,MID,Granada,14.1,0,0.4,-0.4,4,433,513,84.4,6,15,40.0,283,321,88.2,144,177,81.4,1,1,44,4,0
195,Bruno González,DEF,Getafe,2.0,0,0.0,0.0,1,51,61,83.6,1,2,50.0,24,26,92.3,26,33,78.8,0,0,8,0,0
196,Édgar González,MID,Betis,4.6,0,0.0,0.0,0,163,187,87.2,2,7,28.6,123,133,92.5,38,47,80.9,0,0,5,0,0
197,Andoni Gorosabel,DEF,Real Sociedad,3.3,0,0.1,-0.1,2,135,176,76.7,3,10,30.0,116,137,84.7,16,29,55.2,0,0,8,2,0
198,Esteban Granero,MID,Espanyol,5.2,0,0.5,-0.5,11,161,224,71.9,4,9,44.4,124,149,83.2,33,66,50.0,0,12,15,1,0
199,Antoine Griezmann,FWD,Barcelona,21.1,4,2.1,+1.9,20,696,865,80.5,25,74,33.8,572,663,86.3,99,128,77.3,4,5,38,20,5
200,Andrés Guardado,MID,Betis,14.2,2,1.4,+0.6,19,502,605,83.0,10,26,38.5,373,416,89.7,119,163,73.0,0,1,48,8,1
201,Sergi Guardiola,FWD,Valladolid,20.9,2,1.4,+0.6,10,320,470,68.1,10,41,24.4,270,352,76.7,40,77,51.9,1,0,21,6,1
202,Nemanja Gudelj,MID,Sevilla,5.1,0,0.0,0.0,0,228,254,89.8,4,6,66.7,163,175,93.1,61,73,83.6,0,0,13,1,0
203,Gonçalo Guedes,MID,Valencia,5.9,0,1.0,-1.0,10,149,196,76.0,2,13,15.4,130,147,88.4,17,36,47.2,1,2,13,15,2
204,Ander Guevara,MID,Real Sociedad,9.1,0,0.4,-0.4,7,523,604,86.6,3,9,33.3,420,467,89.9,100,128,78.1,0,3,45,1,0
205,John Guidetti,FWD,Alavés,1.0,0,0.1,-0.1,1,22,35,62.9,0,4,0.0,19,25,76.0,3,6,50.0,1,1,3,2,0
206,Ismael Gutiérrez,MID,Betis,0.9,0,0.0,0.0,0,24,27,88.9,1,3,33.3,18,18,100.0,5,6,83.3,0,0,1,0,0
207,Munir El Haddadi,FWD,Sevilla,7.1,1,0.7,+0.3,7,150,191,78.5,3,7,42.9,127,152,83.6,20,32,62.5,1,1,9,9,1
208,Eden Hazard,FWD,Real Madrid,7.6,1,1.0,0.0,15,317,374,84.8,8,24,33.3,267,297,89.9,42,53,79.2,2,3,23,9,2
209,Mario Hermoso,DEF,Atlético Madrid,10.7,0,0.0,0.0,1,372,470,79.1,2,7,28.6,255,276,92.4,115,187,61.5,0,0,25,1,0
210,Aridane Hernández,DEF,Osasuna,18.0,0,0.2,-0.2,4,480,564,85.1,2,2,100.0,276,310,89.0,202,252,80.2,0,0,22,2,0
211,Javier Hernández,FWD,Sevilla,5.0,0,0.3,-0.3,4,58,79,73.4,3,8,37.5,51,65,78.5,4,6,66.7,1,0,1,1,0
212,Juan Hernández,MID,Celta Vigo,0.2,0,0.2,-0.2,2,5,10,50.0,0,0,0,5,8,62.5,0,2,0.0,0,0,0,2,2
213,Héctor Herrera,MID,Atlético Madrid,9.3,1,1.3,-0.3,17,449,522,86.0,9,19,47.4,362,394,91.9,78,109,71.6,1,9,59,7,0
214,Sergio Herrera,GK,Osasuna,9.8,0,0.0,0.0,0,166,312,53.2,1,2,50.0,46,47,97.9,119,263,45.2,0,0,4,0,0
215,Yangel Herrera,MID,Granada,15.6,0,0.4,-0.4,8,438,562,77.9,6,18,33.3,329,393,83.7,103,151,68.2,0,0,52,5,0
216,Iago Herrerín,GK,Athletic Bilbao,3.0,0,0.0,0.0,0,55,104,52.9,0,0,0,11,11,100.0,44,93,47.3,0,0,2,0,0
217,Pablo Hervías,MID,Valladolid,4.7,0,0.3,-0.3,6,124,164,75.6,5,9,55.6,100,115,87.0,19,40,47.5,0,5,6,0,0
218,Robert Ibáñez,MID,Osasuna,5.2,0,0.2,-0.2,3,125,156,80.1,3,11,27.3,112,130,86.2,10,15,66.7,1,0,10,5,0
219,Vicente Iborra,MID,Villarreal,21.1,2,0.3,+1.7,5,896,1039,86.2,14,26,53.8,641,719,89.2,241,294,82.0,1,0,90,4,0
220,Borja Iglesias,FWD,Betis,14.3,2,2.0,0.0,14,169,232,72.8,19,37,51.4,128,163,78.5,22,32,68.8,3,0,11,8,0
221,Asier Illarramendi,MID,Real Sociedad,2.4,0,0.2,-0.2,1,168,183,91.8,1,2,50.0,134,141,95.0,33,40,82.5,2,0,22,3,0
222,Takashi Inui,MID,Eibar,14.8,3,1.3,+1.7,15,303,399,75.9,3,11,27.3,260,319,81.5,40,69,58.0,1,1,16,9,2
223,Alexander Isak,FWD,Real Sociedad,9.1,1,1.2,-0.2,6,119,160,74.4,4,13,30.8,102,130,78.5,13,17,76.5,3,1,6,8,0
224,Isco,FWD,Real Madrid,8.0,0,0.9,-0.9,12,419,496,84.5,18,37,48.6,339,367,92.4,62,92,67.4,1,5,38,10,3
225,Ander Iturraspe,MID,Espanyol,1.1,0,0.0,0.0,0,28,36,77.8,1,2,50.0,22,28,78.6,5,6,83.3,0,0,2,0,0
226,Adnan Januzaj,FWD,Real Sociedad,6.4,3,1.3,+1.7,10,157,233,67.4,3,19,15.8,113,148,76.4,41,66,62.1,1,9,14,10,1
227,Jason,MID,Getafe,9.7,4,1.5,+2.5,19,168,297,56.6,5,24,20.8,131,181,72.4,32,92,34.8,0,28,18,7,3
228,Joaquín,MID,Betis,16.7,2,3.7,-1.7,37,609,766,79.5,19,51,37.3,501,563,89.0,89,152,58.6,3,43,26,32,7
229,Frenkie de Jong,MID,Barcelona,19.8,2,2.0,0.0,19,1282,1383,92.7,25,48,52.1,1048,1105,94.8,209,230,90.9,7,1,137,14,1
230,Luuk de Jong,FWD,Sevilla,15.8,0,0.7,-0.7,8,273,373,73.2,15,31,48.4,232,305,76.1,26,37,70.3,0,0,14,5,0
231,Joan Jordán,MID,Sevilla,15.3,1,1.8,-0.8,23,943,1098,85.9,15,32,46.9,669,742,90.2,259,324,79.9,2,47,86,13,2
232,Willian José,FWD,Real Sociedad,14.6,0,0.7,-0.7,9,246,337,73.0,9,29,31.0,195,244,79.9,42,64,65.6,0,0,16,10,0
233,Joselu,FWD,Alavés,20.2,2,2.0,0.0,11,339,623,54.4,14,34,41.2,270,482,56.0,55,107,51.4,2,0,53,8,1
234,Luka Jović,FWD,Real Madrid,4.3,1,0.5,+0.5,2,104,125,83.2,3,7,42.9,91,105,86.7,10,13,76.9,1,0,9,1,0
235,Juanmi,FWD,Betis,0.8,0,0.0,0.0,0,5,6,83.3,2,2,100.0,3,3,100.0,0,1,0.0,0,0,0,0,0
236,David Juncà,DEF,Celta Vigo,2.9,0,0.0,0.0,0,115,152,75.7,2,6,33.3,93,110,84.5,20,36,55.6,0,0,10,1,1
237,Lago Junior,MID,Mallorca,18.2,0,0.9,-0.9,13,400,540,74.1,16,43,37.2,355,430,82.6,29,67,43.3,0,0,22,13,4
238,Vinicius Júnior,FWD,Real Madrid,7.8,1,1.4,-0.4,12,214,289,74.0,6,25,24.0,190,231,82.3,18,33,54.5,1,1,7,9,1
239,Lee Kangin,MID,Valencia,3.0,0,0.2,-0.2,3,95,119,79.8,1,3,33.3,78,88,88.6,16,28,57.1,0,2,6,2,0
240,Wilfrid Kaptoum,MID,Betis,2.1,0,0.0,0.0,1,59,71,83.1,3,3,100.0,47,53,88.7,9,15,60.0,0,1,5,1,0
241,Kenedy,MID,Getafe,4.6,2,0.7,+1.3,5,88,133,66.2,4,12,33.3,72,93,77.4,12,28,42.9,0,2,4,9,5
242,Kike,FWD,Eibar,11.1,0,0.2,-0.2,6,204,296,68.9,9,26,34.6,175,227,77.1,20,43,46.5,0,0,17,5,1
243,Kenan Kodro,FWD,Athletic Bilbao,3.7,0,0.0,0.0,1,44,69,63.8,1,2,50.0,41,61,67.2,2,6,33.3,0,0,3,0,0
244,Koke,MID,Atlético Madrid,17.8,2,3.4,-1.4,38,854,1046,81.6,43,62,69.4,693,763,90.8,118,221,53.4,6,45,69,14,2
245,Geoffrey Kondogbia,MID,Valencia,10.5,0,0.0,0.0,1,439,531,82.7,8,10,80.0,303,353,85.8,128,168,76.2,1,0,40,2,0
246,Jules Koundé,DEF,Sevilla,12.6,0,0.0,0.0,1,600,705,85.1,3,10,30.0,423,464,91.2,174,231,75.3,0,0,33,1,1
247,Leonardo Koutris,DEF,Mallorca,0.7,0,0.2,-0.2,1,33,45,73.3,0,4,0.0,31,35,88.6,2,6,33.3,0,0,1,2,1
248,İsmail Köybaşı,DEF,Granada,1.5,0,0.2,-0.2,1,34,51,66.7,1,4,25.0,25,32,78.1,8,15,53.3,0,0,5,1,1
249,Toni Kroos,MID,Real Madrid,18.1,4,3.5,+0.5,47,1372,1538,89.2,26,35,74.3,972,1018,95.5,374,485,77.1,3,92,170,22,5
250,Takefusa Kubo,MID,Mallorca,13.0,1,1.6,-0.6,17,233,360,64.7,9,33,27.3,206,273,75.5,18,54,33.3,1,13,17,12,4
251,Víctor Laguardia,DEF,Alavés,18.0,1,0.5,+0.5,5,477,644,74.1,6,11,54.5,245,288,85.1,226,345,65.5,0,0,46,4,0
252,Diego Lainez,MID,Betis,2.3,0,0.0,0.0,1,54,70,77.1,3,7,42.9,45,54,83.3,6,9,66.7,1,0,0,1,0
253,Larra,FWD,Athletic Bilbao,1.9,0,0.1,-0.1,1,31,56,55.4,2,3,66.7,24,34,70.6,5,19,26.3,0,4,1,1,1
254,Robin Le Normand,DEF,Real Sociedad,13.2,0,0.0,0.0,0,792,881,89.9,6,18,33.3,543,583,93.1,243,280,86.8,0,0,40,1,0
255,Wu Lei,FWD,Espanyol,10.6,0,0.6,-0.6,6,117,177,66.1,2,12,16.7,103,139,74.1,12,26,46.2,0,0,8,1,0
256,Iñigo Lekue,DEF,Athletic Bilbao,3.4,1,0.2,+0.8,3,98,146,67.1,2,3,66.7,86,107,80.4,10,36,27.8,0,5,5,0,0
257,Thomas Lemar,MID,Atlético Madrid,9.0,0,0.4,-0.4,5,271,339,79.9,8,17,47.1,203,233,87.1,60,89,67.4,1,13,24,7,2
258,Clément Lenglet,DEF,Barcelona,16.8,1,0.6,+0.4,5,1133,1224,92.6,11,19,57.9,755,787,95.9,367,418,87.8,2,0,96,1,0
259,Pedro León,MID,Eibar,14.7,0,1.9,-1.9,26,297,495,60.0,7,27,25.9,239,309,77.3,51,159,32.1,0,45,17,12,7
260,Sergio León,FWD,Levante,4.8,0,0.0,0.0,1,44,68,64.7,3,9,33.3,34,47,72.3,7,12,58.3,0,0,3,2,0
261,Lillo,DEF,Osasuna,2.1,0,0.1,-0.1,1,100,124,80.6,0,2,0.0,75,84,89.3,25,38,65.8,0,0,10,3,1
262,Diego Llorente,DEF,Real Sociedad,17.1,1,0.1,+0.9,2,933,1054,88.5,6,16,37.5,595,632,94.1,332,406,81.8,0,1,52,2,0
263,Marcos Llorente,MID,Atlético Madrid,7.0,0,0.0,0.0,1,212,258,82.2,9,15,60.0,168,197,85.3,35,46,76.1,0,0,10,2,0
264,Stanislav Lobotka,MID,Celta Vigo,15.5,0,0.4,-0.4,10,683,777,87.9,16,27,59.3,527,584,90.2,140,166,84.3,0,2,52,5,0
265,Renan Lodi,DEF,Atlético Madrid,16.6,2,1.5,+0.5,15,574,780,73.6,16,44,36.4,466,558,83.5,92,178,51.7,2,0,21,23,9
266,Rony Lopes,FWD,Sevilla,0.2,0,0.0,0.0,0,11,13,84.6,2,3,66.7,6,7,85.7,3,3,100.0,0,0,1,0,0
267,Adrián López,FWD,Osasuna,9.6,0,1.7,-1.7,16,217,309,70.2,13,32,40.6,183,244,75.0,21,33,63.6,2,0,22,5,2
268,David López,DEF,Espanyol,15.4,2,0.8,+1.2,12,653,827,79.0,6,17,35.3,464,524,88.5,183,286,64.0,2,0,54,7,1
269,Diego López,GK,Espanyol,24.0,0,0.0,0.0,2,453,772,58.7,0,0,0,208,209,99.5,245,563,43.5,0,0,18,0,0
270,Javi López,DEF,Espanyol,9.6,0,0.3,-0.3,3,325,428,75.9,4,12,33.3,259,308,84.1,62,108,57.4,1,1,22,7,3
271,Lluis López,DEF,Espanyol,3.3,0,0.0,0.0,0,219,245,89.4,0,4,0.0,144,158,91.1,75,83,90.4,0,0,10,0,0
272,Unai López,MID,Athletic Bilbao,12.2,3,2.1,+0.9,24,626,756,82.8,14,23,60.9,429,464,92.5,183,269,68.0,3,34,44,7,1
273,Iker Losada,MID,Celta Vigo,0.1,0,0.0,0.0,0,7,9,77.8,0,0,0,5,6,83.3,2,3,66.7,0,0,0,0,0
274,Pol Lozano,MID,Espanyol,0.2,0,0.0,0.0,0,7,8,87.5,0,0,0,6,6,100.0,1,2,50.0,0,1,1,0,0
275,José Luis Gayà,DEF,Valencia,16.6,0,1.0,-1.0,9,600,775,77.4,9,32,28.1,471,545,86.4,120,198,60.6,0,0,24,19,8
276,José Luis Morales,FWD,Levante,18.9,1,3.1,-2.1,23,305,449,67.9,8,42,19.0,252,328,76.8,45,79,57.0,5,2,21,18,3
277,Darwin Machís,FWD,Granada,14.3,3,2.1,+0.9,21,232,367,63.2,5,19,26.3,183,241,75.9,44,107,41.1,0,22,23,12,4
278,Lisandro Magallán,DEF,Alavés,7.8,0,0.0,0.0,0,198,252,78.6,1,3,33.3,122,137,89.1,75,112,67.0,0,0,14,1,0
279,Nemanja Maksimović,MID,Getafe,20.5,0,0.4,-0.4,6,302,411,73.5,28,40,70.0,217,291,74.6,57,80,71.3,1,0,23,10,1
280,Hugo Mallo,DEF,Celta Vigo,14.4,1,1.2,-0.2,8,675,858,78.7,8,31,25.8,543,608,89.3,124,219,56.6,0,1,38,10,5
281,Aïssa Mandi,DEF,Betis,19.6,0,0.3,-0.3,3,1019,1117,91.2,8,13,61.5,697,736,94.7,314,368,85.3,0,0,47,2,0
282,Eliaquim Mangala,DEF,Valencia,3.0,0,0.0,0.0,0,116,126,92.1,1,1,100.0,75,76,98.7,40,49,81.6,0,0,12,0,0
283,Marcelo,DEF,Real Madrid,7.8,2,1.1,+0.9,15,513,615,83.4,11,28,39.3,417,463,90.1,85,124,68.5,0,0,52,26,6
284,Óscar de Marcos,FWD,Athletic Bilbao,2.1,0,0.0,0.0,0,36,58,62.1,0,6,0.0,33,45,73.3,3,7,42.9,0,0,5,0,0
285,José María Giménez,DEF,Atlético Madrid,11.0,0,0.0,0.0,0,374,423,88.4,5,8,62.5,236,259,91.1,133,156,85.3,0,0,18,1,0
286,Adrián Marín,DEF,Alavés,3.8,0,0.0,0.0,0,106,144,73.6,0,3,0.0,94,107,87.9,12,34,35.3,0,1,8,1,0
287,Guillermo Maripán,DEF,Alavés,1.0,0,0.0,0.0,0,7,11,63.6,0,1,0.0,6,8,75.0,1,2,50.0,0,0,0,0,0
288,Roger Martí,FWD,Levante,15.8,0,1.1,-1.1,14,172,271,63.5,8,24,33.3,136,194,70.1,28,53,52.8,2,0,14,11,2
289,Daniel Martín,GK,Betis,1.9,0,0.0,0.0,0,42,62,67.7,0,0,0,22,23,95.7,20,39,51.3,0,0,0,0,0
290,Álex Martínez,DEF,Granada,0.2,0,0.0,0.0,0,5,10,50.0,0,0,0,3,4,75.0,2,6,33.3,0,1,0,1,0
291,Iñigo Martínez,DEF,Athletic Bilbao,21.0,1,0.9,+0.1,6,798,995,80.2,3,15,20.0,457,516,88.6,338,464,72.8,2,0,84,8,3
292,Pablo Martínez,MID,Levante,0.1,0,0.0,0.0,0,6,6,100.0,0,0,0,6,6,100.0,0,0,0,0,0,0,0,0
293,Jordi Masip,GK,Valladolid,24.0,0,0.0,0.0,1,385,746,51.6,1,2,50.0,114,114,100.0,270,630,42.9,0,0,7,0,0
294,Jaime Mata,FWD,Getafe,19.7,3,2.0,+1.0,21,297,468,63.5,19,57,33.3,236,332,71.1,42,79,53.2,1,0,21,6,3
295,Borja Mayoral,FWD,Levante,14.8,1,0.9,+0.1,12,257,323,79.6,13,29,44.8,208,242,86.0,36,52,69.2,2,0,18,6,1
296,Óscar Melendo,MID,Espanyol,6.7,0,0.3,-0.3,10,153,183,83.6,5,10,50.0,128,145,88.3,20,28,71.4,3,3,16,6,1
297,Gonzalo Melero,MID,Levante,8.4,1,0.2,+0.8,4,258,317,81.4,7,19,36.8,213,243,87.7,38,55,69.1,2,0,15,6,0
298,Arthur Melo,MID,Barcelona,9.3,3,0.7,+2.3,8,632,700,90.3,17,31,54.8,504,535,94.2,111,134,82.8,2,11,70,12,0
299,Brais Méndez,MID,Celta Vigo,11.1,1,0.6,+0.4,8,345,468,73.7,11,33,33.3,288,343,84.0,46,92,50.0,2,9,36,5,1
300,Édgar Méndez,MID,Alavés,0.6,0,0.0,0.0,1,8,12,66.7,0,1,0.0,5,7,71.4,3,4,75.0,0,0,1,0,0
301,Ferland Mendy,DEF,Real Madrid,12.2,2,1.4,+0.6,14,650,784,82.9,6,31,19.4,550,608,90.5,94,145,64.8,0,0,29,15,6
302,Fran Mérida,MID,Osasuna,10.0,0,0.2,-0.2,6,435,569,76.4,8,17,47.1,276,336,82.1,151,216,69.9,1,0,54,9,2
303,Mikel Merino,MID,Real Sociedad,21.0,1,1.6,-0.6,22,940,1182,79.5,25,48,52.1,731,867,84.3,184,267,68.9,1,1,129,23,4
304,Sabin Merino,FWD,Leganés,0.9,0,0.0,0.0,1,17,21,81.0,0,0,0,16,19,84.2,1,2,50.0,0,0,0,0,0
305,Roque Mesa,MID,Leganés,16.7,2,1.5,+0.5,19,492,613,80.3,15,25,60.0,396,446,88.8,81,142,57.0,2,18,53,14,4
306,Lionel Messi,FWD,Barcelona,18.0,12,9.7,+2.3,50,913,1136,80.4,19,47,40.4,752,872,86.2,142,217,65.4,24,38,114,64,3
307,Míchel,MID,Valladolid,18.7,1,1.4,-0.4,22,871,1126,77.4,22,44,50.0,582,660,88.2,267,422,63.3,3,67,78,10,4
308,Miguel,FWD,Valladolid,0.3,0,0.0,0.0,0,5,8,62.5,0,0,0,4,5,80.0,1,3,33.3,0,0,0,0,0
309,Éder Militão,DEF,Real Madrid,6.0,0,0.0,0.0,0,288,323,89.2,1,3,33.3,205,219,93.6,82,101,81.2,0,0,8,2,0
310,Santi Mina,FWD,Celta Vigo,13.9,2,1.6,+0.4,14,314,435,72.2,11,25,44.0,271,357,75.9,32,53,60.4,3,1,20,14,1
311,Jorge Miramón,DEF,Levante,18.9,3,1.6,+1.4,14,662,849,78.0,15,38,39.5,547,609,89.8,100,202,49.5,1,1,33,5,3
312,Luka Modrić,MID,Real Madrid,13.1,4,2.2,+1.8,29,794,917,86.6,22,42,52.4,590,638,92.5,182,237,76.8,1,18,61,12,0
313,Jorge Molina,FWD,Getafe,14.2,2,2.3,-0.3,15,260,379,68.6,9,40,22.5,228,306,74.5,23,33,69.7,3,0,20,14,1
314,Jon Moncayola,MID,Osasuna,10.8,0,0.2,-0.2,3,345,455,75.8,8,18,44.4,229,269,85.1,108,168,64.3,1,0,20,5,1
315,Nacho Monreal,DEF,Real Sociedad,16.5,0,0.4,-0.4,6,673,812,82.9,7,30,23.3,597,669,89.2,69,113,61.1,0,1,25,18,9
316,Ángel Montoro,MID,Granada,9.8,4,0.9,+3.1,15,393,517,76.0,5,14,35.7,232,269,86.2,156,234,66.7,1,23,59,11,1
317,Álvaro Morata,FWD,Atlético Madrid,15.7,1,3.1,-2.1,17,225,329,68.4,17,32,53.1,191,270,70.7,17,27,63.0,3,0,14,9,1
318,Alberto Moreno,DEF,Villarreal,4.6,0,0.2,-0.2,6,221,264,83.7,5,9,55.6,186,208,89.4,30,47,63.8,1,0,14,3,1
319,Álex Moreno,DEF,Betis,17.1,4,1.5,+2.5,15,662,839,78.9,20,48,41.7,547,622,87.9,95,169,56.2,0,1,26,19,9
320,Gerard Moreno,FWD,Villarreal,20.2,3,3.9,-0.9,35,491,669,73.4,9,36,25.0,359,458,78.4,123,175,70.3,7,1,53,26,7
321,Manu Morlanes,MID,Villarreal,1.0,0,0.1,-0.1,3,80,87,92.0,0,1,0.0,65,68,95.6,15,18,83.3,0,1,15,3,0
322,Loren Morón,FWD,Betis,15.1,2,1.6,+0.4,11,139,195,71.3,10,23,43.5,109,143,76.2,20,29,69.0,3,0,15,7,1
323,Toni Moya,MID,Atlético Madrid,0.0,0,0.0,0.0,0,0,0,0,0,0,0,0,0,0,0,0,0,0,0,0,0,0
324,Javi Moyano,DEF,Valladolid,15.8,0,0.8,-0.8,12,513,678,75.7,7,26,26.9,429,501,85.6,77,151,51.0,0,2,24,4,1
325,Iker Muniain,FWD,Athletic Bilbao,15.6,2,1.6,+0.4,26,516,625,82.6,19,33,57.6,409,465,88.0,88,127,69.3,6,12,48,14,1
326,Aihen Muñoz,DEF,Real Sociedad,5.9,0,0.0,0.0,0,297,368,80.7,3,11,27.3,260,280,92.9,34,77,44.2,0,0,9,6,5
327,Javier Muñoz,MID,Alavés,0.6,0,0.0,0.0,0,14,18,77.8,0,0,0,12,15,80.0,2,3,66.7,0,0,0,0,0
328,Jeison Murillo,DEF,Celta Vigo,5.0,0,0.0,0.0,0,150,170,88.2,0,2,0.0,102,109,93.6,48,59,81.4,0,0,5,0,0
329,Nacho,DEF,Valladolid,12.1,1,1.6,-0.6,14,465,637,73.0,4,24,16.7,366,420,87.1,95,193,49.2,1,0,49,16,4
330,Nacho,DEF,Real Madrid,4.4,0,0.3,-0.3,3,227,265,85.7,6,12,50.0,194,210,92.4,27,43,62.8,0,0,11,3,3
331,Naldo,DEF,Espanyol,13.7,1,0.0,+1.0,2,536,635,84.4,9,14,64.3,328,366,89.6,199,255,78.0,0,0,31,3,0
332,Marc Navarro,DEF,Leganés,2.4,0,0.0,0.0,0,55,79,69.6,1,5,20.0,50,56,89.3,4,18,22.2,0,0,3,0,0
333,Ximo Navarro,DEF,Alavés,13.6,0,0.1,-0.1,2,425,542,78.4,12,22,54.5,327,380,86.1,86,140,61.4,0,0,35,2,0
334,Jesús Navas,DEF,Sevilla,24.0,4,4.3,-0.3,40,1356,1738,78.0,16,81,19.8,1083,1255,86.3,257,402,63.9,2,1,89,38,7
335,Raúl Navas,DEF,Osasuna,4.4,0,0.1,-0.1,2,148,176,84.1,0,2,0.0,95,102,93.1,53,72,73.6,0,0,7,1,0
336,Neto,GK,Barcelona,1.0,0,0.0,0.0,0,33,39,84.6,0,1,0.0,22,22,100.0,11,16,68.8,0,0,0,0,0
337,Carlos Neva,DEF,Granada,14.1,0,0.2,-0.2,7,376,546,68.9,7,46,15.2,310,370,83.8,59,130,45.4,1,0,32,8,6
338,Saúl Ñíguez,MID,Atlético Madrid,23.0,0,0.9,-0.9,14,885,1139,77.7,19,53,35.8,713,867,82.2,153,219,69.9,1,0,80,15,3
339,Fernando Niño,FWD,Villarreal,0.2,0,0.0,0.0,0,3,5,60.0,0,0,0,3,4,75.0,0,1,0.0,0,0,1,0,0
340,Nolito,FWD,Sevilla,10.0,0,0.7,-0.7,13,263,345,76.2,3,14,21.4,202,249,81.1,58,82,70.7,2,8,22,21,4
341,Unai Núñez,DEF,Athletic Bilbao,9.5,0,0.0,0.0,1,311,358,86.9,0,3,0.0,152,166,91.6,159,189,84.1,0,0,17,0,0
342,Allan Nyom,DEF,Getafe,18.2,0,0.7,-0.7,6,412,612,67.3,4,20,20.0,337,432,78.0,71,160,44.4,0,0,43,7,5
343,Jan Oblak,GK,Atlético Madrid,23.7,0,0.0,0.0,0,339,592,57.3,2,2,100.0,97,98,99.0,240,492,48.8,0,0,11,1,0
344,Lucas Ocampos,FWD,Sevilla,18.4,2,1.9,+0.1,16,469,645,72.7,20,63,31.7,379,464,81.7,70,118,59.3,2,0,25,12,2
345,Álvaro Odriozola,DEF,Real Madrid,3.8,1,0.7,+0.3,5,153,176,86.9,3,8,37.5,121,135,89.6,29,33,87.9,0,0,2,3,0
346,Lucas Olaza,DEF,Celta Vigo,22.0,2,3.0,-1.0,24,1003,1339,74.9,12,54,22.2,798,895,89.2,193,390,49.5,1,32,58,25,12
347,Kiko Olivas,DEF,Valladolid,24.0,0,0.2,-0.2,2,784,906,86.5,3,14,21.4,547,587,93.2,234,305,76.7,1,0,43,1,0
348,Paulo Oliveira,DEF,Eibar,15.7,0,0.0,0.0,0,366,517,70.8,1,7,14.3,173,215,80.5,192,295,65.1,0,0,45,3,0
349,Mathías Olivera,DEF,Getafe,8.4,1,0.2,+0.8,3,173,288,60.1,3,16,18.8,142,200,71.0,28,72,38.9,0,2,20,1,1
350,Kenneth Omeruo,DEF,Leganés,15.5,0,0.1,-0.1,3,263,372,70.7,5,8,62.5,150,187,80.2,108,177,61.0,0,0,20,0,0
351,Javier Ontiveros,FWD,Villarreal,3.5,1,0.9,+0.1,3,165,214,77.1,4,17,23.5,140,156,89.7,21,41,51.2,0,7,11,5,1
352,Fabián Orellana,MID,Eibar,19.1,4,3.4,+0.6,31,537,734,73.2,8,38,21.1,419,510,82.2,110,186,59.1,1,60,33,14,2
353,Mikel Oyarzabal,FWD,Real Sociedad,20.9,4,4.2,-0.2,30,489,696,70.3,16,59,27.1,392,496,79.0,81,141,57.4,3,5,37,26,8
354,Fernando Pacheco,GK,Alavés,21.0,0,0.0,0.0,1,387,634,61.0,1,1,100.0,90,94,95.7,296,539,54.9,0,0,6,1,0
355,Daniel Parejo,MID,Valencia,21.6,3,2.7,+0.3,40,1253,1522,82.3,17,37,45.9,814,912,89.3,422,573,73.6,1,97,156,18,1
356,Thomas Partey,MID,Atlético Madrid,18.4,0,0.8,-0.8,12,931,1128,82.5,29,44,65.9,698,779,89.6,204,305,66.9,6,15,118,14,0
357,Gabriel Paulista,DEF,Valencia,21.2,0,0.0,0.0,0,1016,1121,90.6,8,13,61.5,679,713,95.2,329,395,83.3,0,0,56,2,0
358,Alfonso Pedraza,DEF,Betis,8.7,0,0.6,-0.6,7,324,423,76.6,5,27,18.5,262,301,87.0,57,95,60.0,0,0,17,6,4
359,Marc Pedraza,MID,Mallorca,0.8,0,0.0,0.0,0,11,16,68.8,1,2,50.0,8,12,66.7,2,2,100.0,0,0,0,0,0
360,Pedrosa,DEF,Espanyol,9.2,0,0.4,-0.4,5,271,346,78.3,4,12,33.3,223,248,89.9,44,86,51.2,1,0,9,9,4
361,Rubén Peña,DEF,Villarreal,12.8,1,0.9,+0.1,10,633,806,78.5,8,36,22.2,495,559,88.6,130,211,61.6,0,0,48,11,4
362,Luis Perea,FWD,Osasuna,0.2,0,0.0,0.0,0,7,7,100.0,2,2,100.0,5,5,100.0,0,0,0,0,0,0,0,0
363,Victor Perea,DEF,Espanyol,9.8,0,0.4,-0.4,9,340,490,69.4,6,36,16.7,273,336,81.3,61,118,51.7,1,2,16,10,4
364,Gonzalo Pereira Cejudo,DEF,Levante,0.1,0,0.0,0.0,0,5,5,100.0,0,0,0,3,3,100.0,2,2,100.0,0,0,0,0,0
365,Carles Pérez,FWD,Barcelona,5.3,2,0.3,+1.7,7,232,287,80.8,6,13,46.2,209,242,86.4,17,32,53.1,0,7,6,6,0
366,Iñigo Pérez,MID,Osasuna,4.7,0,0.2,-0.2,2,209,280,74.6,6,11,54.5,169,195,86.7,34,74,45.9,0,2,26,3,0
367,Juan Pérez,GK,Osasuna,2.0,0,0.0,0.0,0,36,66,54.5,0,0,0,11,11,100.0,25,55,45.5,0,0,3,0,0
368,Lucas Pérez,FWD,Alavés,18.6,4,3.9,+0.1,38,309,473,65.3,9,21,42.9,234,311,75.2,66,141,46.8,5,38,22,16,2
369,Rubén Pérez,MID,Leganés,14.4,0,0.1,-0.1,5,478,627,76.2,9,27,33.3,353,422,83.6,116,178,65.2,0,0,55,8,0
370,Pablo Piatti,DEF,Espanyol,0.6,0,0.0,0.0,0,21,29,72.4,0,0,0,19,19,100.0,2,10,20.0,0,3,3,0,0
371,Cristiano Piccini,DEF,Valencia,0.8,0,0.0,0.0,0,41,51,80.4,1,1,100.0,33,33,100.0,7,17,41.2,0,0,2,2,1
372,Tomás Pina Isla,MID,Alavés,10.0,0,0.4,-0.4,2,274,333,82.3,9,15,60.0,220,254,86.6,45,64,70.3,0,0,26,1,0
373,Pipa,DEF,Espanyol,1.3,0,0.0,0.0,1,34,50,68.0,0,2,0.0,27,33,81.8,7,15,46.7,0,0,0,0,0
374,Gerard Piqué,DEF,Barcelona,21.9,0,0.5,-0.5,4,1517,1638,92.6,10,19,52.6,1019,1065,95.7,488,554,88.1,2,0,123,2,0
375,Óscar Plano,MID,Valladolid,19.9,2,2.4,-0.4,18,392,546,71.8,9,31,29.0,318,405,78.5,65,110,59.1,5,6,40,13,5
376,Pere Pons,MID,Alavés,7.6,1,0.9,+0.1,5,207,276,75.0,6,17,35.3,167,206,81.1,34,53,64.2,2,0,6,3,1
377,Pedro Porro,DEF,Valladolid,7.0,0,0.2,-0.2,4,200,306,65.4,5,28,17.9,157,192,81.8,38,86,44.2,1,0,12,7,3
378,Francisco Portillo,MID,Getafe,3.7,1,0.7,+0.3,6,106,149,71.1,5,13,38.5,86,108,79.6,15,28,53.6,1,1,15,7,0
379,Portu,FWD,Real Sociedad,18.5,6,4.4,+1.6,26,311,463,67.2,11,31,35.5,260,344,75.6,40,88,45.5,0,28,20,15,4
380,Sergio Postigo,DEF,Levante,17.5,0,0.2,-0.2,5,556,672,82.7,5,13,38.5,363,396,91.7,188,263,71.5,3,0,40,5,0
381,Darío Poveda,FWD,Atlético Madrid,0.1,0,0.0,0.0,0,3,4,75.0,0,0,0,3,4,75.0,0,0,0,0,0,0,0,0
382,Alejandro Pozo Pozo,FWD,Sevilla,0.4,0,0.0,0.0,0,10,14,71.4,0,1,0.0,9,12,75.0,1,1,100.0,0,0,3,0,0
383,Alejandro Pozo Pozo,DEF,Mallorca,2.8,0,0.2,-0.2,3,98,135,72.6,3,7,42.9,85,103,82.5,10,25,40.0,0,0,1,2,1
384,Abdón Prats,FWD,Mallorca,1.7,0,0.0,0.0,0,21,34,61.8,1,3,33.3,18,26,69.2,2,5,40.0,0,0,3,0,0
385,Andrés Prieto,GK,Espanyol,0.0,0,0.0,0.0,0,0,0,0,0,0,0,0,0,0,0,0,0,0,0,0,0,0
386,Antonio Puertas,FWD,Granada,19.2,0,0.5,-0.5,6,355,503,70.6,12,37,32.4,306,387,79.1,37,79,46.8,0,1,12,5,2
387,Riqui Puig,MID,Barcelona,0.2,0,0.2,-0.2,1,40,43,93.0,2,3,66.7,28,28,100.0,10,12,83.3,0,1,3,2,0
388,Quini,DEF,Granada,8.0,0,0.2,-0.2,6,230,298,77.2,7,21,33.3,185,210,88.1,38,67,56.7,0,0,18,3,2
389,Xavi Quintillà,DEF,Villarreal,15.3,2,1.4,+0.6,19,741,913,81.2,21,39,53.8,605,668,90.6,115,206,55.8,0,3,36,17,9
390,Quique,FWD,Eibar,3.8,1,0.2,+0.8,4,63,85,74.1,3,6,50.0,53,68,77.9,7,11,63.6,1,0,3,3,1
391,Nemanja Radoja,MID,Levante,15.2,0,0.7,-0.7,5,551,626,88.0,4,15,26.7,423,465,91.0,124,146,84.9,0,0,33,4,0
392,Rafinha,MID,Celta Vigo,13.5,1,1.1,-0.1,14,679,785,86.5,23,43,53.5,529,582,90.9,127,160,79.4,3,4,60,19,1
393,Rafinha,FWD,Barcelona,2.1,0,0.4,-0.4,6,142,164,86.6,2,5,40.0,117,127,92.1,23,32,71.9,0,6,7,5,2
394,Baba Rahman,DEF,Mallorca,1.2,0,0.0,0.0,0,42,60,70.0,0,1,0.0,32,40,80.0,10,19,52.6,0,0,2,1,0
395,Antonio Raillo,DEF,Mallorca,19.2,0,0.1,-0.1,2,598,716,83.5,7,12,58.3,378,421,89.8,213,283,75.3,0,0,28,1,0
396,Ivan Rakitić,MID,Barcelona,8.8,2,0.4,+1.6,6,660,739,89.3,22,30,73.3,517,567,91.2,121,142,85.2,5,9,58,10,0
397,Sandro Ramírez,FWD,Valladolid,9.8,1,1.3,-0.3,8,174,239,72.8,8,15,53.3,134,171,78.4,32,53,60.4,0,8,10,4,1
398,Iván Ramis,DEF,Eibar,5.1,0,0.0,0.0,0,166,198,83.8,1,1,100.0,86,94,91.5,79,103,76.7,0,0,8,0,0
399,Adrián Ramos,FWD,Granada,2.5,0,0.1,-0.1,1,49,75,65.3,3,7,42.9,41,59,69.5,5,9,55.6,0,0,10,2,0
400,Sergio Ramos,DEF,Real Madrid,21.7,0,0.1,-0.1,2,1248,1368,91.2,14,28,50.0,795,849,93.6,439,491,89.4,2,0,126,6,1
401,Raúl,FWD,Betis,0.1,0,0.0,0.0,0,3,6,50.0,0,0,0,3,6,50.0,0,0,0,0,0,0,0,0
402,Recio,MID,Leganés,13.4,0,0.3,-0.3,9,561,646,86.8,15,29,51.7,447,482,92.7,99,135,73.3,0,0,50,3,1
403,Sergio Reguilón,DEF,Sevilla,18.8,3,2.9,+0.1,32,970,1243,78.0,14,49,28.6,803,929,86.4,153,265,57.7,1,1,61,29,17
404,Manolo Reina,GK,Mallorca,23.0,0,0.0,0.0,0,492,766,64.2,3,4,75.0,240,240,100.0,249,522,47.7,0,0,8,0,0
405,Álex Remiro,GK,Real Sociedad,16.0,0,0.0,0.0,0,466,607,76.8,1,1,100.0,242,242,100.0,223,364,61.3,0,0,1,0,0
406,Luis Rioja,MID,Alavés,12.5,0,1.9,-1.9,14,196,290,67.6,4,23,17.4,173,208,83.2,19,59,32.2,0,4,10,9,4
407,Rodrigo Riquelme,MID,Atlético Madrid,0.1,0,0.0,0.0,0,1,3,33.3,0,0,0,1,2,50.0,0,1,0.0,0,0,1,0,0
408,Cristian Rivera,MID,Leganés,3.4,0,0.1,-0.1,1,114,132,86.4,0,1,0.0,85,96,88.5,29,35,82.9,0,0,13,1,1
409,Sergi Roberto,DEF,Barcelona,19.3,2,1.6,+0.4,19,1379,1508,91.4,34,61,55.7,1188,1259,94.4,157,188,83.5,9,2,81,23,2
410,Joel Robles,GK,Betis,22.1,0,0.0,0.0,0,603,817,73.8,4,4,100.0,329,333,98.8,270,480,56.3,0,0,10,0,0
411,Marc Roca,MID,Espanyol,22.1,1,1.2,-0.2,17,942,1170,80.5,15,38,39.5,646,739,87.4,281,393,71.5,5,6,159,14,2
412,Rubén Rochina,MID,Levante,14.0,0,1.5,-1.5,16,460,650,70.8,4,18,22.2,328,388,84.5,128,244,52.5,8,24,66,12,5
413,Rodrigo,FWD,Valencia,15.2,7,4.3,+2.7,22,365,471,77.5,10,21,47.6,283,342,82.7,72,108,66.7,4,0,42,17,4
414,Kévin Rodrigues,DEF,Real Sociedad,0.1,0,0.0,0.0,0,4,7,57.1,0,2,0.0,4,5,80.0,0,0,0,0,0,0,0,0
415,Kévin Rodrigues,DEF,Leganés,12.1,2,2.3,-0.3,20,253,390,64.9,6,28,21.4,200,248,80.6,47,114,41.2,1,17,12,10,5
416,Óscar Rodríguez Arnaiz,MID,Leganés,16.1,1,2.2,-1.2,20,376,561,67.0,16,41,39.0,288,368,78.3,72,152,47.4,3,30,25,14,6
417,Ángel Rodríguez,FWD,Getafe,10.6,2,1.2,+0.8,9,133,222,59.9,6,14,42.9,109,166,65.7,18,42,42.9,0,0,12,6,1
418,Dani Rodríguez,MID,Mallorca,21.5,1,1.2,-0.2,17,545,669,81.5,20,44,45.5,426,484,88.0,99,141,70.2,1,5,58,13,1
419,Guido Rodríguez,MID,Betis,1.8,0,0.0,0.0,0,57,66,86.4,0,2,0.0,45,50,90.0,12,14,85.7,0,0,2,0,0
420,James Rodríguez,MID,Real Madrid,3.8,1,1.8,-0.8,13,207,263,78.7,9,16,56.3,148,167,88.6,50,80,62.5,4,13,28,10,0
421,Rodrygo,FWD,Real Madrid,7.4,0,0.9,-0.9,11,290,342,84.8,6,14,42.9,265,295,89.8,19,33,57.6,1,1,10,10,4
422,Facundo Roncaglia,DEF,Osasuna,9.3,0,0.1,-0.1,2,336,416,80.8,3,8,37.5,214,239,89.5,119,169,70.4,1,0,21,3,0
423,Roberto Rosales,DEF,Leganés,12.5,1,1.6,-0.6,13,366,552,66.3,7,31,22.6,283,340,83.2,76,181,42.0,0,6,25,3,1
424,Rubén,GK,Osasuna,12.2,0,0.0,0.0,0,199,365,54.5,0,0,0,48,48,100.0,151,317,47.6,0,0,7,0,0
425,Waldo Rubio,MID,Valladolid,4.9,1,0.4,+0.6,7,91,151,60.3,1,17,5.9,78,99,78.8,12,35,34.3,0,0,10,2,2
426,Aitor Ruibal,DEF,Leganés,4.4,0,0.4,-0.4,4,116,150,77.3,6,10,60.0,99,112,88.4,11,28,39.3,0,1,9,2,1
427,Jorge Sáenz,DEF,Celta Vigo,1.4,0,0.0,0.0,0,75,85,88.2,0,0,0,42,44,95.5,33,41,80.5,2,0,1,0,0
428,Borja Sainz,MID,Alavés,3.5,0,0.3,-0.3,3,52,71,73.2,4,8,50.0,42,49,85.7,6,14,42.9,0,0,3,2,0
429,Yannis Salibur,FWD,Mallorca,0.6,0,0.0,0.0,0,21,26,80.8,1,1,100.0,20,24,83.3,0,1,0.0,0,0,2,2,0
430,Mohammed Salisu,DEF,Valladolid,23.3,1,0.0,+1.0,1,689,826,83.4,4,12,33.3,475,521,91.2,210,293,71.7,1,0,31,1,1
431,Fede San Emeterio,MID,Valladolid,10.8,0,0.1,-0.1,4,346,410,84.4,6,11,54.5,254,286,88.8,86,113,76.1,0,0,25,1,0
432,Mikel San José,MID,Athletic Bilbao,3.9,0,0.0,0.0,1,93,125,74.4,3,7,42.9,74,89,83.1,16,29,55.2,0,0,4,2,0
433,Oihan Sancet,MID,Athletic Bilbao,3.4,1,0.4,+0.6,4,76,93,81.7,3,7,42.9,58,67,86.6,15,19,78.9,1,1,6,0,0
434,Germán Sánchez,DEF,Granada,15.7,0,0.0,0.0,0,467,551,84.8,3,3,100.0,281,316,88.9,183,232,78.9,0,0,11,1,0
435,Manuel Sánchez,DEF,Atlético Madrid,0.7,0,0.1,-0.1,2,16,21,76.2,1,1,100.0,13,17,76.5,2,3,66.7,0,0,0,2,1
436,Víctor Sánchez,MID,Espanyol,15.6,1,1.0,0.0,22,648,835,77.6,13,26,50.0,484,568,85.2,151,241,62.7,0,22,56,7,2
437,Luca Sangalli,MID,Real Sociedad,3.4,1,0.3,+0.7,4,118,160,73.8,3,9,33.3,99,123,80.5,16,28,57.1,1,2,11,5,2
438,Oier Sanjurjo,MID,Osasuna,15.5,0,0.8,-0.8,10,410,555,73.9,6,26,23.1,315,383,82.2,89,146,61.0,1,0,49,3,1
439,Ivan Šaponjić,DEF,Atlético Madrid,0.0,0,0.0,0.0,0,0,2,0.0,0,0,0,0,0,0,0,2,0.0,0,1,0,0,0
440,Joan Sastre Vanrell,DEF,Mallorca,14.2,2,1.4,+0.6,14,425,624,68.1,6,27,22.2,297,382,77.7,122,215,56.7,0,0,29,13,4
441,Stefan Savić,DEF,Atlético Madrid,11.0,0,0.1,-0.1,1,374,447,83.7,5,6,83.3,257,279,92.1,112,162,69.1,1,0,23,2,0
442,Aleksandar Sedlar,DEF,Mallorca,1.8,0,0.0,0.0,0,55,62,88.7,0,1,0.0,37,40,92.5,18,21,85.7,0,0,3,0,0
443,Nélson Semedo,DEF,Barcelona,12.4,2,0.8,+1.2,4,770,859,89.6,8,28,28.6,671,725,92.6,91,106,85.8,0,1,60,15,1
444,Josep Señé,MID,Mallorca,1.5,0,0.0,0.0,1,72,76,94.7,0,0,0,51,52,98.1,21,24,87.5,0,0,3,1,1
445,Salva Sevilla,MID,Mallorca,19.0,3,3.0,0.0,43,992,1198,82.8,32,46,69.6,765,834,91.7,195,318,61.3,2,85,109,10,0
446,Sidnei,DEF,Betis,6.6,0,0.0,0.0,0,355,387,91.7,7,9,77.8,229,242,94.6,119,136,87.5,0,0,7,1,0
447,Jonathan Silva,DEF,Leganés,22.0,0,1.3,-1.3,19,663,960,69.1,13,50,26.0,502,584,86.0,148,326,45.4,3,9,55,30,22
448,Rui Silva,GK,Granada,23.0,0,0.0,0.0,1,464,832,55.8,0,0,0,174,176,98.9,290,656,44.2,1,0,20,0,0
449,Unai Simón,GK,Athletic Bilbao,21.0,0,0.0,0.0,0,411,690,59.6,0,2,0.0,118,119,99.2,293,569,51.5,0,0,9,0,0
450,Dimitris Siovas,DEF,Leganés,12.6,0,0.1,-0.1,1,374,496,75.4,5,16,31.3,228,264,86.4,141,216,65.3,1,0,31,0,0
451,Pione Sisto,FWD,Celta Vigo,7.7,0,0.4,-0.4,8,279,367,76.0,10,27,37.0,226,260,86.9,43,80,53.8,0,10,19,8,1
452,Antonio Sivera,GK,Alavés,3.0,0,0.0,0.0,0,43,83,51.8,0,0,0,16,16,100.0,27,67,40.3,0,0,1,0,0
453,Fyodor Smolov,FWD,Celta Vigo,1.9,0,0.0,0.0,0,29,42,69.0,0,2,0.0,29,39,74.4,0,1,0.0,0,0,1,0,0
454,Rubén Sobrino,FWD,Valencia,1.3,0,0.2,-0.2,3,24,33,72.7,1,4,25.0,18,22,81.8,5,7,71.4,1,0,2,1,0
455,Roberto Soldado,FWD,Granada,16.6,3,3.1,-0.1,18,247,336,73.5,9,21,42.9,206,256,80.5,32,59,54.2,0,0,10,4,0
456,Carlos Soler,MID,Valencia,12.6,0,1.0,-1.0,9,284,363,78.2,7,15,46.7,229,268,85.4,48,80,60.0,1,5,26,13,0
457,Kévin Soni,FWD,Espanyol,0.0,0,0.0,0.0,0,1,2,50.0,0,0,0,1,2,50.0,0,0,0,0,0,0,0,0
458,David Soria,GK,Getafe,24.0,0,0.0,0.0,0,291,696,41.8,0,0,0,28,29,96.6,263,667,39.4,1,0,36,1,0
459,Juan Soriano,GK,Leganés,10.0,0,0.0,0.0,0,154,278,55.4,0,0,0,63,64,98.4,91,214,42.5,0,1,2,0,0
460,Damián Suárez,DEF,Getafe,18.5,4,1.9,+2.1,21,587,933,62.9,9,33,27.3,441,572,77.1,137,328,41.8,0,51,87,21,6
461,Denis Suárez,MID,Celta Vigo,13.9,3,3.2,-0.2,35,506,664,76.2,10,36,27.8,406,469,86.6,90,159,56.6,4,48,50,28,7
462,Luis Suárez,FWD,Barcelona,14.2,7,2.8,+4.2,23,337,449,75.1,13,41,31.7,270,332,81.3,54,76,71.1,4,0,14,11,0
463,Suso,FWD,Sevilla,2.2,1,0.8,+0.2,8,86,115,74.8,1,6,16.7,72,83,86.7,13,26,50.0,6,4,8,12,1
464,Tachi,MID,Alavés,0.1,0,0.0,0.0,0,2,3,66.7,0,0,0,1,2,50.0,1,1,100.0,0,0,0,0,0
465,Rodrigo Tarín,DEF,Leganés,4.0,0,0.0,0.0,0,79,98,80.6,1,1,100.0,60,68,88.2,18,29,62.1,0,0,6,1,0
466,Álvaro Tejero,DEF,Eibar,12.3,0,0.4,-0.4,8,450,622,72.3,10,24,41.7,333,389,85.6,107,209,51.2,0,0,46,16,8
467,Cristian Tello,MID,Betis,4.4,0,0.2,-0.2,5,143,186,76.9,3,10,30.0,119,141,84.4,21,35,60.0,0,10,5,2,0
468,Marc-André ter Stegen,GK,Barcelona,23.0,2,0.7,+1.3,2,732,823,88.9,2,2,100.0,413,413,100.0,317,408,77.7,2,0,1,0,0
469,David Timor,MID,Getafe,3.5,0,0.0,0.0,1,82,129,63.6,1,3,33.3,51,78,65.4,30,48,62.5,0,3,13,2,1
470,Jean-Clair Todibo,DEF,Barcelona,0.9,0,0.0,0.0,0,50,53,94.3,1,1,100.0,37,39,94.9,12,13,92.3,0,0,2,0,0
471,Karl Toko Ekambi,FWD,Villarreal,11.1,2,1.2,+0.8,8,178,230,77.4,2,11,18.2,148,187,79.1,28,32,87.5,0,0,5,3,1
472,Raúl de Tomás,FWD,Espanyol,4.0,0,0.1,-0.1,3,71,89,79.8,2,4,50.0,54,61,88.5,15,24,62.5,0,0,3,1,0
473,Toño,DEF,Levante,11.0,2,1.3,+0.7,12,445,547,81.4,8,26,30.8,366,400,91.5,71,121,58.7,1,1,31,14,5
474,Ferrán Torres,MID,Valencia,17.9,4,3.1,+0.9,19,392,536,73.1,6,31,19.4,329,387,85.0,57,118,48.3,1,1,24,19,6
475,Óliver Torres,FWD,Sevilla,11.3,1,1.5,-0.5,10,486,599,81.1,16,34,47.1,343,389,88.2,127,176,72.2,3,4,53,15,3
476,Pau Torres,DEF,Villarreal,20.0,1,1.3,-0.3,6,977,1149,85.0,7,17,41.2,549,585,93.8,421,547,77.0,2,0,65,1,0
477,Roberto Torres,MID,Osasuna,21.0,6,3.9,+2.1,30,524,789,66.4,16,47,34.0,386,492,78.5,122,250,48.8,2,51,59,14,2
478,Aleksandar Trajkovski,MID,Mallorca,1.6,0,0.6,-0.6,6,46,70,65.7,1,5,20.0,33,44,75.0,12,21,57.1,0,7,2,1,0
479,Manu Trigueros,MID,Villarreal,10.7,4,3.6,+0.4,26,469,552,85.0,11,23,47.8,350,385,90.9,108,144,75.0,5,15,68,17,0
480,Kieran Trippier,DEF,Atlético Madrid,14.6,3,2.8,+0.2,30,599,853,70.2,10,34,29.4,466,544,85.7,123,275,44.7,2,32,37,21,3
481,Samuel Umtiti,DEF,Barcelona,8.1,0,0.0,0.0,0,594,637,93.2,7,13,53.8,440,456,96.5,147,168,87.5,0,0,50,0,0
482,Enes Ünal,FWD,Valladolid,16.0,1,1.5,-0.5,17,280,405,69.1,6,25,24.0,233,316,73.7,41,64,64.1,2,0,30,7,1
483,Tomáš Vaclík,GK,Sevilla,24.0,0,0.0,0.0,0,479,674,71.1,2,3,66.7,206,208,99.0,271,463,58.5,0,0,4,0,0
484,Álvaro Vadillo,FWD,Granada,12.9,1,1.4,-0.4,16,288,435,66.2,9,30,30.0,226,291,77.7,53,114,46.5,0,45,15,10,1
485,Germán Valera,FWD,Atlético Madrid,0.0,0,0.1,-0.1,1,1,2,50.0,0,0,0,1,2,50.0,0,0,0,0,0,0,0,0
486,Martin Valjent,DEF,Mallorca,24.0,0,0.5,-0.5,2,670,790,84.8,5,9,55.6,466,509,91.6,199,272,73.2,0,0,44,0,0
487,Jesús Vallejo,DEF,Granada,0.0,0,0.0,0.0,0,9,9,100.0,0,0,0,3,3,100.0,6,6,100.0,0,0,0,0,0
488,Manu Vallejo,MID,Valencia,3.5,0,0.4,-0.4,3,54,71,76.1,2,6,33.3,40,49,81.6,12,16,75.0,1,0,6,1,0
489,Federico Valverde,MID,Real Madrid,12.9,4,3.2,+0.8,13,592,674,87.8,15,24,62.5,485,533,91.0,92,117,78.6,3,0,50,8,1
490,Raphaël Varane,DEF,Real Madrid,20.0,1,0.3,+0.7,5,913,1038,88.0,4,12,33.3,551,586,94.0,358,440,81.4,0,0,54,3,2
491,Matías Vargas,FWD,Espanyol,10.5,3,2.3,+0.7,18,241,359,67.1,7,26,26.9,194,250,77.6,40,83,48.2,8,14,18,17,2
492,Franco Vázquez,MID,Sevilla,9.0,0,0.2,-0.2,6,395,457,86.4,7,15,46.7,311,348,89.4,77,94,81.9,0,2,42,5,0
493,Kevin Vázquez,DEF,Celta Vigo,8.2,0,0.1,-0.1,3,377,466,80.9,10,24,41.7,310,351,88.3,57,91,62.6,0,0,16,2,0
494,Lucas Vázquez,FWD,Real Madrid,5.9,1,1.4,-0.4,10,235,309,76.1,4,18,22.2,201,234,85.9,30,57,52.6,1,1,7,9,3
495,Unai Vencedor Paris,MID,Athletic Bilbao,0.8,0,0.0,0.0,0,31,41,75.6,0,0,0,24,26,92.3,7,15,46.7,0,3,3,1,1
496,Mikel Vesga,MID,Athletic Bilbao,5.2,0,0.1,-0.1,2,168,214,78.5,3,8,37.5,134,152,88.2,31,54,57.4,0,1,13,5,0
497,Rúben Vezo,DEF,Levante,18.0,0,0.4,-0.4,1,572,699,81.8,7,13,53.8,344,392,87.8,221,294,75.2,0,0,27,0,0
498,Fede Vico,MID,Granada,3.1,1,0.5,+0.5,5,90,120,75.0,2,7,28.6,72,80,90.0,16,33,48.5,1,8,10,3,2
499,Aleix Vidal,MID,Alavés,20.2,4,3.5,+0.5,34,528,721,73.2,11,34,32.4,398,485,82.1,119,202,58.9,1,40,49,17,8
500,Arturo Vidal,MID,Barcelona,8.3,1,1.9,-0.9,9,508,569,89.3,15,24,62.5,428,466,91.8,65,79,82.3,2,0,34,6,0
501,Nacho Vidal,DEF,Osasuna,16.3,0,1.0,-1.0,13,625,836,74.8,8,29,27.6,486,566,85.9,131,241,54.4,0,0,51,17,3
502,Dídac Vilà,DEF,Espanyol,16.4,0,1.1,-1.1,11,575,778,73.9,4,38,10.5,467,552,84.6,104,188,55.3,1,1,38,12,5
503,Toni Villa,MID,Valladolid,11.1,1,1.4,-0.4,10,242,339,71.4,2,19,10.5,192,247,77.7,48,73,65.8,0,2,25,9,4
504,Asier Villalibre,FWD,Athletic Bilbao,3.8,0,0.0,0.0,0,42,70,60.0,1,9,11.1,35,54,64.8,6,7,85.7,0,0,3,1,0
505,Juan Villar,FWD,Osasuna,2.6,0,0.2,-0.2,3,60,88,68.2,1,8,12.5,54,70,77.1,5,10,50.0,1,0,7,3,0
506,Vitolo,MID,Atlético Madrid,10.5,1,1.3,-0.3,11,336,407,82.6,29,43,67.4,282,331,85.2,25,33,75.8,6,0,28,5,0
507,Šime Vrsaljko,DEF,Atlético Madrid,3.4,0,0.1,-0.1,1,83,128,64.8,2,5,40.0,69,95,72.6,12,28,42.9,0,0,3,1,1
508,Nikola Vukčević,MID,Levante,9.4,1,0.1,+0.9,3,270,317,85.2,2,4,50.0,205,233,88.0,63,80,78.8,1,0,17,1,0
509,Moussa Wagué,DEF,Barcelona,1.0,0,0.0,0.0,0,63,81,77.8,0,6,0.0,56,64,87.5,7,11,63.6,0,0,2,1,0
510,Wakaso,MID,Alavés,14.3,0,0.1,-0.1,2,351,488,71.9,5,12,41.7,216,263,82.1,130,213,61.0,3,1,42,3,0
511,Daniel Wass,DEF,Valencia,21.1,5,2.0,+3.0,17,864,1074,80.4,15,35,42.9,730,834,87.5,119,205,58.0,0,1,57,11,4
512,Iñaki Williams,FWD,Athletic Bilbao,22.1,0,2.1,-2.1,21,344,467,73.7,15,38,39.5,287,359,79.9,42,70,60.0,2,0,10,12,2
513,Okay Yokuşlu,MID,Celta Vigo,12.2,1,0.2,+0.8,4,504,603,83.6,15,28,53.6,404,464,87.1,85,111,76.6,0,0,31,0,0
514,Joseba Zaldúa,DEF,Real Sociedad,19.8,1,1.2,-0.2,10,862,1095,78.7,10,33,30.3,712,811,87.8,140,251,55.8,0,2,45,12,9
515,Andre-Frank Zambo Anguissa,MID,Villarreal,18.2,0,0.6,-0.6,13,806,929,86.8,11,24,45.8,673,750,89.7,122,155,78.7,0,0,71,10,0
516,Igor Zubeldia,MID,Real Sociedad,19.0,1,0.4,+0.6,2,1018,1136,89.6,8,19,42.1,712,756,94.2,298,361,82.5,2,0,51,1,0
517,David Zurutuza,MID,Real Sociedad,1.0,0,0.0,0.0,0,41,53,77.4,2,2,100.0,32,40,80.0,7,11,63.6,0,0,3,1,0
518,Martin Ødegaard,MID,Real Sociedad,19.4,5,4.6,+0.4,44,942,1169,80.6,18,47,38.3,761,859,88.6,163,263,62.0,8,56,112,60,2
